"length","year"
0.04,1960
27.67,1960
0.08,1960
0.54,1960
0.21,1960
0.04,1960
6.83,1960
0.12,1960
0.04,1960
3.04,1960
1.71,1960
0.58,1960
0.04,1960
0.13,1960
0.58,1960
0.04,1960
0.08,1960
2.08,1960
3.92,1960
0.5,1960
0.12,1960
4,1960
0.54,1960
0.04,1960
2.87,1960
0.46,1960
0.33,1960
0.25,1960
2.5,1960
0.04,1960
0.21,1960
0.83,1960
0.08,1960
5,1960
0.67,1960
0.04,1960
0.25,1960
11.71,1960
9.33,1960
3.83,1960
4.92,1960
2.79,1960
6.25,1960
0.17,1960
4.96,1960
3.42,1960
0.96,1960
0.04,1960
0.21,1960
3.67,1960
0.04,1960
2,1960
1.37,1960
0.04,1960
1.21,1960
0.17,1960
8.46,1960
0.04,1960
0.04,1960
1.17,1960
1.75,1960
0.17,1960
0.12,1960
3.17,1960
3.96,1960
0.29,1960
0.08,1960
7.21,1960
4,1960
0.08,1960
2.96,1960
10.88,1960
0.25,1960
0.04,1960
0.13,1960
1.13,1960
7.71,1960
0.08,1960
7.83,1960
0.04,1960
0.13,1960
0.04,1961
0.21,1961
5.38,1961
10.04,1961
0.04,1961
0.12,1961
0.63,1961
0.29,1961
0.33,1961
2.87,1961
28.08,1961
2.5,1961
19.54,1961
10.33,1961
0.96,1961
0.08,1961
0.08,1961
0.12,1961
0.17,1961
0.17,1961
0.29,1961
0.08,1961
0.04,1961
0.21,1961
3.42,1961
3.58,1961
0.87,1961
0.83,1961
2.46,1961
0.21,1961
5.46,1961
3.04,1961
13.46,1961
6.5,1961
0.04,1961
0.08,1961
8.29,1961
0.71,1961
0.42,1961
0.04,1961
4.79,1961
0.12,1961
0.08,1961
1.67,1961
0.58,1961
8.21,1961
0.04,1961
0.04,1961
0.42,1961
0.08,1961
0.08,1961
3.29,1961
0.25,1961
1.79,1961
14.96,1961
0.08,1961
0.08,1962
8.08,1962
0.13,1962
1.75,1962
0.04,1962
0.08,1962
0.04,1962
3.79,1962
1,1962
1.71,1962
0.17,1962
1.54,1962
0.08,1962
2.5,1962
0.29,1962
0.17,1962
0.04,1962
0.04,1962
0.08,1962
5.92,1962
0.04,1962
0.21,1962
0.08,1962
0.08,1962
0.25,1962
0.08,1962
0.04,1962
3.71,1962
2.92,1962
0.04,1962
0.29,1962
2.42,1962
0.21,1962
4.37,1962
0.46,1962
8.12,1962
9.71,1962
2.08,1962
1.42,1962
0.12,1962
0.29,1962
1.17,1962
0.29,1962
9.96,1962
0.04,1962
1.79,1962
0.08,1962
1.08,1962
0.12,1962
0.33,1962
0.21,1962
0.04,1962
0.12,1962
3.79,1962
0.71,1962
0.04,1962
1,1962
3.46,1962
0.08,1962
0.12,1962
0.58,1962
0.58,1962
0.75,1962
0.12,1962
5.46,1962
0.25,1962
3.13,1962
0.79,1962
2.83,1962
0.08,1962
3.25,1962
0.46,1962
0.04,1962
4.96,1962
3.04,1962
0.21,1962
0.25,1962
2.33,1962
5.42,1962
0.17,1962
0.04,1962
0.83,1962
0.08,1962
0.08,1962
5.58,1962
21.88,1962
3.37,1962
4.04,1962
0.08,1962
5.88,1962
12.38,1962
2.46,1962
0.04,1963
2.46,1963
1.79,1963
0.38,1963
0.04,1963
7.83,1963
0.17,1963
0.04,1963
0.04,1963
7.83,1963
3.75,1963
7.88,1963
5.33,1963
0.04,1963
0.17,1963
0.17,1963
0.04,1963
0.08,1963
0.04,1963
3.83,1963
0.08,1963
0.08,1963
8.63,1963
0.08,1963
3.96,1963
0.04,1963
0.5,1963
0.12,1963
0.04,1963
2.33,1963
0.42,1963
0.04,1963
2.08,1963
0.29,1963
1.67,1963
0.08,1963
1.62,1963
0.25,1963
1.92,1963
0.04,1963
0.25,1963
5.29,1963
0.42,1963
4.12,1963
1.96,1963
1.62,1963
2.29,1963
8.33,1963
2.79,1963
0.29,1963
0.75,1963
1.5,1963
2.5,1963
0.79,1963
1.83,1963
0.04,1963
5.42,1963
1.5,1963
0.25,1963
10.5,1963
2.13,1963
0.17,1963
0.04,1963
4,1963
3,1963
0.12,1963
0.08,1963
2.21,1963
2.58,1963
0.04,1963
0.08,1963
2.13,1963
4.21,1963
0.92,1963
0.04,1963
0.17,1963
0.08,1963
0.08,1963
0.08,1963
12.29,1963
0.5,1963
3.38,1963
2.92,1963
0.04,1963
1.63,1963
4.5,1963
3.46,1963
4.08,1963
18.92,1963
0.04,1963
15.29,1963
4.79,1963
0.04,1964
0.37,1964
0.17,1964
4.38,1964
0.54,1964
2.25,1964
0.58,1964
0.5,1964
0.29,1964
0.83,1964
1.75,1964
0.17,1964
4.67,1964
2.42,1964
21.33,1964
0.04,1964
0.12,1964
2.88,1964
0.04,1964
0.04,1964
0.04,1964
4.46,1964
0.08,1964
0.13,1964
0.75,1964
0.17,1964
0.17,1964
3.83,1964
0.17,1964
0.29,1964
9.04,1964
3.83,1964
1.92,1964
0.21,1964
17.58,1964
0.04,1964
0.04,1964
4.58,1964
0.04,1964
1.58,1964
8.08,1964
0.08,1964
0.17,1964
0.08,1964
3.96,1964
6.71,1964
0.62,1964
1.08,1964
1.17,1964
0.21,1964
3.12,1964
1.38,1964
0.04,1964
1.54,1964
1.17,1964
0.04,1964
1.12,1964
0.33,1964
5.29,1964
1.04,1964
0.13,1964
5.04,1964
3.08,1964
7.21,1964
5.25,1964
1.17,1964
0.04,1964
0.04,1964
0.13,1964
0.12,1964
0.04,1964
0.25,1964
2.08,1964
0.92,1964
0.21,1964
10.29,1964
9.54,1964
14.67,1964
0.08,1964
0.04,1964
0.5,1965
2.29,1965
0.08,1965
0.25,1965
2.88,1965
0.25,1965
0.04,1965
0.04,1965
8.04,1965
1.79,1965
10.92,1965
3.17,1965
0.37,1965
0.12,1965
0.04,1965
0.21,1965
1.63,1965
0.08,1965
9.08,1965
2.58,1965
0.63,1965
3.04,1965
0.42,1965
0.13,1965
0.12,1965
0.42,1965
0.12,1965
0.08,1965
0.17,1965
0.08,1965
0.08,1965
0.04,1965
0.08,1965
0.04,1965
4.67,1965
0.21,1965
1.54,1965
0.04,1965
0.42,1965
0.37,1965
0.04,1965
0.04,1965
3.75,1965
0.79,1965
11.5,1965
1.04,1965
3.71,1965
0.33,1965
0.25,1965
0.58,1965
0.12,1965
0.17,1965
0.58,1965
0.04,1965
0.42,1965
0.21,1965
0.04,1965
2.54,1965
0.21,1965
1.87,1965
2.79,1965
2.21,1965
2.54,1965
0.75,1965
0.46,1965
0.42,1965
0.21,1965
0.04,1965
2.58,1965
0.75,1965
2.21,1965
1.29,1965
1.67,1965
6.5,1965
6.33,1965
0.17,1965
0.08,1965
7.96,1965
3.5,1965
1.88,1965
7.25,1965
0.29,1965
0.04,1965
0.04,1965
2.38,1965
0.37,1965
0.17,1965
0.04,1965
0.67,1965
0.04,1965
0.71,1965
3.21,1965
0.04,1965
0.04,1965
0.04,1965
4.38,1965
0.29,1965
5.21,1965
1.46,1965
0.17,1965
0.04,1965
0.08,1965
0.12,1965
0.17,1965
4.96,1965
0.13,1965
0.04,1965
1.75,1965
4.71,1965
7.83,1965
5.79,1965
0.04,1965
5.21,1965
0.25,1965
0.04,1965
10.54,1965
0.5,1965
3.17,1966
4.58,1966
1.75,1966
0.08,1966
21.29,1966
0.08,1966
0.04,1966
1.42,1966
0.08,1966
0.12,1966
0.75,1966
0.71,1966
0.12,1966
3.42,1966
0.08,1966
0.42,1966
0.13,1966
0.17,1966
0.58,1966
8,1966
3.54,1966
0.04,1966
1.58,1966
3.87,1966
1.42,1966
0.62,1966
0.04,1966
0.17,1966
5.04,1966
2.25,1966
2.12,1966
1.38,1966
0.46,1966
4.79,1966
0.96,1966
0.04,1966
0.62,1966
0.04,1966
2.88,1966
0.04,1966
0.42,1966
2.75,1966
7.83,1966
1.54,1966
2.46,1966
1.92,1966
0.04,1966
8.79,1966
3.92,1966
0.71,1966
1.21,1966
5.13,1966
0.08,1966
3.08,1966
1.17,1966
5.12,1966
0.04,1966
0.08,1966
8.21,1966
0.04,1966
0.25,1966
2.62,1966
0.29,1966
8.96,1966
0.08,1966
15.08,1966
0.04,1966
3.63,1966
1.5,1966
0.13,1966
0.5,1966
8.58,1966
8.29,1966
0.08,1966
1.75,1967
5.88,1967
0.12,1967
16.38,1967
14.83,1967
0.12,1967
0.08,1967
1.25,1967
0.04,1967
0.04,1967
0.92,1967
14.5,1967
3.67,1967
0.04,1967
6.5,1967
0.08,1967
0.75,1967
0.08,1967
0.25,1967
5.67,1967
1.83,1967
0.08,1967
0.83,1967
1.92,1967
0.17,1967
0.12,1967
3.71,1967
0.04,1967
0.25,1967
0.96,1967
0.25,1967
14.83,1967
0.79,1967
0.08,1967
6.71,1967
1.62,1967
0.21,1967
0.04,1967
1.21,1967
0.37,1967
0.04,1967
1.62,1967
0.67,1967
0.04,1967
1.42,1967
0.04,1967
0.25,1967
0.54,1967
7.87,1967
0.17,1967
24.37,1967
2.42,1967
0.04,1967
0.54,1967
1.21,1967
11.42,1967
6.71,1967
0.25,1967
3.25,1967
0.04,1967
0.04,1967
0.04,1967
1.38,1967
0.04,1967
2.71,1967
1,1967
3.21,1967
0.54,1967
2.58,1967
3.75,1967
0.25,1968
12.54,1968
2.92,1968
0.04,1968
0.58,1968
0.04,1968
6.04,1968
0.12,1968
0.04,1968
0.04,1968
0.21,1968
11.54,1968
0.13,1968
1.58,1968
1,1968
0.04,1968
1.75,1968
2.29,1968
0.04,1968
3.37,1968
0.54,1968
2.54,1968
2.21,1968
4.67,1968
0.17,1968
0.21,1968
2.67,1968
7.08,1968
0.08,1968
2.12,1968
0.08,1968
6.42,1968
3.04,1968
2.13,1968
0.12,1968
1.29,1968
1.42,1968
0.25,1968
4.21,1968
0.58,1968
1.37,1968
6,1968
0.46,1968
0.17,1968
0.17,1968
0.42,1968
0.04,1968
3.21,1968
1.71,1968
3.58,1968
0.04,1968
1,1968
2.12,1968
1.29,1968
0.04,1968
1.5,1968
0.12,1968
0.04,1968
0.12,1968
0.21,1968
0.04,1968
0.04,1968
1.54,1968
0.12,1968
0.13,1968
0.75,1968
0.12,1968
3.5,1968
0.38,1968
0.04,1968
0.08,1968
4.96,1968
1.92,1968
1.92,1968
0.04,1968
0.08,1968
0.25,1968
0.17,1968
0.17,1968
0.71,1968
0.21,1968
0.29,1968
1.5,1968
0.33,1968
8.83,1968
0.08,1968
0.5,1968
0.04,1968
0.08,1968
4.67,1968
0.42,1968
0.04,1968
2.08,1968
0.17,1968
0.04,1968
6.5,1968
0.13,1968
0.17,1968
1,1968
11.25,1968
0.04,1968
0.08,1968
3.04,1968
2,1968
6.29,1968
4.75,1968
0.04,1969
0.04,1969
0.25,1969
4.21,1969
0.54,1969
3.21,1969
0.08,1969
0.12,1969
0.46,1969
0.67,1969
0.04,1969
1.08,1969
0.58,1969
0.12,1969
4.29,1969
5.75,1969
7.87,1969
3.83,1969
0.12,1969
0.04,1969
0.04,1969
0.13,1969
2.12,1969
6.21,1969
0.04,1969
2.13,1969
5.67,1969
7.33,1969
0.04,1969
0.04,1969
0.21,1969
0.21,1969
0.04,1969
0.33,1969
0.04,1969
0.04,1969
1.25,1969
0.29,1969
4.29,1969
0.04,1969
0.46,1969
0.04,1969
2,1969
0.75,1969
0.08,1969
0.29,1969
0.04,1969
1.42,1969
0.83,1969
2.46,1969
0.96,1969
1.25,1969
2.75,1969
1.04,1969
4,1969
2.33,1969
0.04,1969
0.21,1969
0.21,1969
0.08,1969
2.96,1969
0.37,1969
3.96,1969
2.12,1969
0.29,1969
0.29,1969
0.29,1969
4.96,1969
0.71,1969
0.08,1969
0.04,1969
3.54,1969
0.04,1969
9.04,1969
2.79,1969
0.25,1969
1.92,1969
2.04,1969
0.42,1969
1.5,1969
0.04,1969
0.12,1969
1.67,1969
0.04,1969
0.67,1969
2.67,1969
4.79,1969
5.75,1969
0.67,1969
0.12,1969
2.17,1969
0.13,1969
0.17,1969
0.04,1969
0.37,1969
3.17,1969
0.08,1969
0.08,1969
2,1969
0.04,1969
1.88,1969
0.17,1969
0.04,1969
3.33,1969
0.04,1969
7.5,1969
0.67,1969
0.25,1970
0.25,1970
0.04,1970
0.08,1970
11.17,1970
1.04,1970
0.04,1970
5.42,1970
4.67,1970
0.04,1970
2.33,1970
2.37,1970
0.17,1970
0.04,1970
0.21,1970
0.04,1970
4.25,1970
0.46,1970
3.87,1970
0.04,1970
0.04,1970
1.83,1970
1.46,1970
0.08,1970
0.08,1970
0.04,1970
0.04,1970
1,1970
1.29,1970
0.17,1970
1.25,1970
6.54,1970
0.04,1970
0.17,1970
1.79,1970
0.5,1970
0.37,1970
0.04,1970
0.12,1970
4.54,1970
6.21,1970
0.04,1970
1.87,1970
0.17,1970
0.08,1970
1.62,1970
2.96,1970
0.04,1970
2.12,1970
0.12,1970
0.04,1970
2.88,1970
1.21,1970
4.58,1970
0.21,1970
1.29,1970
4.75,1970
4.13,1970
0.62,1970
0.79,1970
1.46,1970
3.21,1970
0.08,1970
0.04,1970
16.96,1970
0.08,1970
0.08,1970
2.04,1970
3.67,1970
7.42,1970
0.17,1970
0.21,1970
0.04,1970
3.04,1970
3.67,1970
1.37,1970
1.21,1970
0.04,1970
0.17,1970
2.08,1970
0.04,1970
0.46,1970
0.04,1970
2.54,1970
5.38,1970
0.04,1970
0.04,1970
0.33,1970
0.04,1970
0.04,1970
3.04,1970
0.5,1970
0.25,1970
0.13,1970
0.04,1970
29.21,1970
0.13,1970
0.08,1970
0.04,1970
0.08,1970
1.12,1970
0.96,1970
0.04,1970
1.04,1970
1.71,1970
0.29,1970
0.08,1970
0.12,1970
0.08,1970
0.21,1970
0.04,1970
0.08,1970
0.04,1971
0.08,1971
0.04,1971
13.13,1971
4.08,1971
16.13,1971
0.13,1971
1.25,1971
0.04,1971
0.12,1971
0.04,1971
11,1971
7.04,1971
0.04,1971
2.96,1971
4.42,1971
2.17,1971
5.04,1971
0.08,1971
0.04,1971
6.21,1971
6.46,1971
0.5,1971
0.5,1971
4.13,1971
0.08,1971
0.04,1971
0.29,1971
0.87,1971
0.08,1971
0.08,1971
0.67,1971
3.37,1971
0.79,1971
2.04,1971
0.21,1971
0.04,1971
2.96,1971
0.5,1971
2.92,1971
1.17,1971
0.29,1971
0.12,1971
2,1971
0.29,1971
0.04,1971
2.71,1971
0.46,1971
3.17,1971
2.79,1971
1.96,1971
0.33,1971
0.08,1971
0.08,1971
0.08,1971
2.83,1971
1.88,1971
0.04,1971
0.96,1971
0.21,1971
1.54,1971
1.42,1971
0.08,1971
1.21,1971
0.04,1971
0.12,1971
0.33,1971
0.58,1971
0.04,1971
1.83,1971
0.13,1971
0.79,1971
0.04,1971
0.17,1971
0.08,1971
2.13,1971
13.29,1971
2.87,1971
0.25,1971
2.21,1971
4.58,1971
0.75,1971
7.67,1971
2.71,1971
0.75,1971
0.08,1971
0.04,1971
0.29,1971
0.46,1971
1.37,1971
7.62,1971
0.04,1971
1,1971
4.33,1971
0.38,1971
1.21,1971
3.92,1971
3.71,1971
1.17,1971
0.13,1971
0.46,1971
0.75,1971
0.58,1971
2.75,1971
0.5,1971
0.04,1971
0.04,1971
0.08,1971
5.63,1971
0.04,1971
0.04,1971
2.63,1971
0.08,1971
0.5,1971
0.92,1971
0.04,1971
0.08,1971
8.04,1971
18.42,1971
0.79,1971
0.04,1972
0.71,1972
4.88,1972
20.04,1972
4,1972
0.04,1972
0.88,1972
0.58,1972
6.88,1972
0.04,1972
0.04,1972
0.04,1972
0.04,1972
0.08,1972
0.08,1972
3.79,1972
8.58,1972
5.96,1972
0.04,1972
12.71,1972
0.04,1972
0.21,1972
1.21,1972
0.42,1972
0.04,1972
0.42,1972
8.46,1972
6,1972
0.04,1972
2.04,1972
0.25,1972
4.58,1972
0.04,1972
0.04,1972
0.33,1972
7.75,1972
0.92,1972
8.88,1972
1.83,1972
0.33,1972
0.75,1972
0.17,1972
0.04,1972
1.75,1972
1.54,1972
0.29,1972
0.75,1972
4.29,1972
0.04,1972
3.33,1972
0.79,1972
6.38,1972
2.67,1972
0.04,1972
3.25,1972
1.87,1972
0.04,1972
6.71,1972
1.25,1972
16.12,1972
0.38,1972
2.42,1972
0.08,1972
12.17,1972
1.75,1972
1.79,1972
4.08,1972
0.08,1972
3.17,1972
0.08,1972
0.25,1972
0.62,1972
6.04,1972
5.83,1972
0.04,1972
26.17,1972
25.75,1973
13.38,1973
0.04,1973
0.04,1973
0.04,1973
0.08,1973
1.21,1973
0.17,1973
0.12,1973
14.54,1973
0.08,1973
5.62,1973
1.29,1973
9.08,1973
1.33,1973
1.62,1973
0.04,1973
4.79,1973
0.08,1973
0.04,1973
3.08,1973
0.33,1973
0.08,1973
0.08,1973
0.04,1973
0.04,1973
0.04,1973
0.63,1973
3.37,1973
0.12,1973
1.08,1973
0.04,1973
0.13,1973
0.62,1973
3.88,1973
0.04,1973
0.33,1973
2.25,1973
0.33,1973
0.08,1973
0.79,1973
0.04,1973
0.38,1973
0.04,1973
0.08,1973
0.04,1973
0.04,1973
0.04,1973
0.21,1973
0.04,1973
0.33,1973
6.08,1973
4.88,1973
0.42,1973
3.04,1973
1.5,1973
6.29,1973
0.79,1973
3.5,1973
0.46,1973
4.71,1973
0.83,1973
0.04,1973
2.38,1973
0.04,1973
0.04,1973
2.25,1973
0.08,1973
8.58,1973
0.04,1973
0.25,1973
1.5,1973
0.04,1973
3.04,1973
6.42,1973
0.04,1973
5.46,1973
0.08,1973
0.04,1973
0.12,1973
6.17,1973
1.54,1973
0.08,1973
1.13,1973
0.33,1973
0.71,1973
0.08,1973
8.46,1973
0.04,1973
1.46,1973
0.33,1973
0.08,1973
6.42,1973
0.08,1973
1.83,1973
0.17,1973
8.13,1973
0.21,1973
0.08,1973
5.21,1973
0.08,1973
0.17,1973
0.08,1973
0.5,1973
1.5,1973
0.04,1973
0.04,1973
1.04,1973
13.96,1973
0.67,1973
3.13,1973
1,1973
0.33,1973
11.54,1973
0.38,1973
0.04,1974
0.42,1974
6.71,1974
0.58,1974
0.12,1974
0.08,1974
5.5,1974
0.83,1974
0.25,1974
2.08,1974
4.33,1974
2,1974
1.75,1974
0.04,1974
1.33,1974
0.08,1974
3.79,1974
0.75,1974
2.75,1974
0.21,1974
0.08,1974
0.04,1974
0.21,1974
0.04,1974
0.08,1974
1.62,1974
0.21,1974
4.12,1974
0.17,1974
1.21,1974
4.87,1974
1.88,1974
0.29,1974
0.12,1974
2,1974
6.29,1974
0.08,1974
0.17,1974
0.38,1974
0.04,1974
0.12,1974
5.17,1974
9.17,1974
1.71,1974
3.5,1974
1.92,1974
1.25,1974
0.04,1974
3.54,1974
0.21,1974
4.54,1974
7.38,1974
1.62,1974
5.75,1974
0.04,1974
10.04,1974
1.37,1974
1.71,1974
0.21,1974
0.04,1974
1.08,1974
0.67,1974
3.42,1974
0.79,1974
0.17,1974
2.25,1974
0.12,1974
0.21,1974
0.37,1974
3.33,1974
0.08,1974
0.58,1974
0.58,1974
0.21,1974
0.17,1974
0.42,1974
0.04,1974
1.21,1974
0.08,1974
0.67,1974
3.54,1974
0.04,1974
3.96,1974
0.25,1974
0.04,1974
0.04,1974
0.08,1974
0.42,1974
4.21,1974
1.88,1974
1.13,1974
0.21,1974
0.5,1974
0.29,1974
3.79,1974
4.88,1974
8.29,1974
7.42,1974
0.17,1974
10.88,1975
0.04,1975
0.04,1975
0.42,1975
2.79,1975
0.08,1975
0.5,1975
0.12,1975
0.83,1975
0.04,1975
1.08,1975
0.17,1975
0.04,1975
2.67,1975
0.04,1975
0.21,1975
0.46,1975
0.04,1975
3,1975
0.04,1975
0.21,1975
0.21,1975
0.04,1975
1.21,1975
1.46,1975
0.58,1975
2,1975
0.12,1975
1.67,1975
0.08,1975
3.62,1975
0.08,1975
0.88,1975
0.12,1975
0.04,1975
0.33,1975
2.42,1975
6.96,1975
0.67,1975
1.38,1975
0.04,1975
3.79,1975
1.62,1975
1.67,1975
12.12,1975
5.21,1975
0.67,1975
0.17,1975
0.08,1975
0.12,1975
0.79,1975
1.17,1975
0.04,1975
1.17,1975
1.29,1975
2.12,1975
5.33,1975
0.17,1975
0.04,1975
0.21,1975
1.96,1975
0.5,1975
4.08,1975
0.08,1975
3.04,1975
0.83,1975
0.58,1975
0.08,1975
1.17,1975
1.29,1975
0.46,1975
4.54,1975
2.17,1975
1.54,1975
0.42,1975
0.04,1975
0.29,1975
0.08,1975
0.33,1975
0.25,1975
0.96,1975
0.08,1975
1.92,1975
1.96,1975
1.96,1975
0.04,1975
0.96,1975
1,1975
0.62,1975
0.67,1975
0.12,1975
0.33,1975
0.08,1975
4.46,1975
6.62,1975
0.04,1975
1.08,1975
0.12,1975
1.08,1975
9.25,1975
0.33,1975
4.21,1975
0.04,1975
4.04,1975
0.75,1975
4.17,1975
0.04,1975
0.04,1975
0.13,1975
1.37,1975
22.46,1975
1.04,1976
20.79,1976
4.04,1976
0.04,1976
0.08,1976
2.08,1976
0.13,1976
0.46,1976
12,1976
0.79,1976
12.38,1976
1.42,1976
0.04,1976
0.04,1976
0.33,1976
11.25,1976
6.5,1976
2.83,1976
0.83,1976
0.08,1976
0.08,1976
0.42,1976
0.75,1976
1.04,1976
0.75,1976
2.33,1976
0.71,1976
0.25,1976
0.12,1976
0.04,1976
0.21,1976
0.33,1976
0.04,1976
2.08,1976
3.96,1976
3.33,1976
0.13,1976
0.12,1976
0.92,1976
0.04,1976
0.13,1976
0.04,1976
0.08,1976
1.75,1976
10.12,1976
4,1976
2.25,1976
4.04,1976
0.29,1976
5.21,1976
2.79,1976
1.58,1976
0.12,1976
0.58,1976
10.12,1976
1.21,1976
0.46,1976
7.17,1976
0.75,1976
0.5,1976
0.04,1976
6.42,1976
0.04,1976
0.04,1976
0.67,1976
10.71,1976
1.13,1976
3.87,1976
0.04,1976
0.58,1976
8.29,1976
3.54,1976
8.12,1976
4.08,1976
0.04,1976
0.04,1976
1.46,1976
0.33,1977
4.92,1977
6.54,1977
4.08,1977
0.08,1977
0.12,1977
0.17,1977
0.46,1977
0.5,1977
0.21,1977
0.04,1977
0.17,1977
7.37,1977
1.13,1977
0.04,1977
0.92,1977
0.04,1977
2.17,1977
0.67,1977
0.08,1977
0.42,1977
3.04,1977
0.5,1977
0.04,1977
3.21,1977
1.04,1977
0.75,1977
0.29,1977
0.79,1977
0.04,1977
0.08,1977
0.04,1977
3.92,1977
2.17,1977
0.17,1977
4.37,1977
0.33,1977
2.13,1977
0.04,1977
0.13,1977
1.29,1977
0.83,1977
1.33,1977
0.21,1977
0.04,1977
0.87,1977
1.04,1977
7.92,1977
0.83,1977
0.87,1977
0.04,1977
0.75,1977
0.21,1977
1.75,1977
0.04,1977
2.58,1977
0.29,1977
2,1977
2.58,1977
0.04,1977
0.42,1977
0.08,1977
0.04,1977
0.08,1977
0.08,1977
1.67,1977
0.12,1977
0.21,1977
14.62,1977
1.5,1977
0.42,1977
0.08,1977
0.04,1977
2.67,1977
1.33,1977
0.25,1977
0.37,1977
0.21,1977
1.38,1977
0.63,1977
0.42,1977
1.54,1977
0.75,1977
0.25,1977
1,1977
0.83,1977
2.25,1977
0.58,1977
0.79,1977
0.04,1977
3.33,1977
0.42,1977
1.17,1977
0.08,1977
0.46,1977
2.96,1977
0.17,1977
2.83,1977
1.17,1977
0.04,1977
1.42,1977
0.04,1977
1.17,1977
1.79,1977
0.21,1977
1.04,1977
0.04,1977
2.58,1977
0.37,1977
3.79,1977
6.17,1977
0.08,1977
1.29,1977
0.04,1977
0.12,1977
1.08,1977
0.04,1977
0.17,1977
0.25,1977
0.71,1977
0.29,1977
0.25,1977
0.04,1977
0.08,1977
0.33,1977
0.04,1977
0.37,1977
0.42,1977
7.5,1977
0.71,1977
0.04,1977
0.33,1977
0.46,1977
1.46,1977
2.5,1977
0.08,1977
0.08,1977
0.12,1977
6.25,1977
13.33,1977
7.46,1977
0.12,1978
2.79,1978
0.12,1978
26.42,1978
2.29,1978
0.04,1978
1.42,1978
0.17,1978
0.21,1978
0.08,1978
0.13,1978
0.17,1978
7.87,1978
4,1978
0.17,1978
0.87,1978
0.04,1978
0.58,1978
5.08,1978
0.33,1978
0.37,1978
0.08,1978
0.12,1978
4.5,1978
0.04,1978
10.67,1978
2.37,1978
0.25,1978
0.37,1978
0.04,1978
3.87,1978
0.08,1978
0.46,1978
1.37,1978
1.29,1978
0.04,1978
0.04,1978
4.67,1978
0.12,1978
1.54,1978
0.04,1978
0.5,1978
0.08,1978
3.12,1978
8.21,1978
0.29,1978
1.46,1978
3.46,1978
1.5,1978
3.71,1978
0.54,1978
0.17,1978
0.04,1978
2.58,1978
0.46,1978
0.96,1978
0.17,1978
0.71,1978
3.62,1978
3,1978
3.83,1978
9.62,1978
0.25,1978
2.25,1978
1.12,1978
4.71,1978
10.96,1978
0.04,1978
0.17,1978
0.5,1978
0.04,1978
0.25,1978
0.21,1978
0.25,1978
1.08,1978
0.12,1978
2.38,1978
0.04,1978
0.04,1978
0.46,1978
6.87,1978
1.92,1978
0.08,1978
0.21,1978
0.08,1978
3.71,1978
0.13,1978
0.08,1978
0.04,1978
0.08,1978
0.04,1978
1.21,1978
1.08,1978
5.88,1978
0.54,1978
1.21,1978
0.92,1978
0.04,1978
0.33,1978
0.13,1978
9.42,1978
1.21,1978
0.83,1978
8.46,1978
0.08,1978
0.25,1979
23.12,1979
0.88,1979
4.92,1979
0.5,1979
0.71,1979
0.04,1979
0.08,1979
4.08,1979
0.04,1979
0.21,1979
0.04,1979
3.96,1979
0.54,1979
1.5,1979
0.25,1979
0.04,1979
3.04,1979
1.67,1979
0.17,1979
0.13,1979
0.25,1979
4.83,1979
4.33,1979
4.75,1979
0.04,1979
1.08,1979
2,1979
0.04,1979
0.08,1979
3.42,1979
0.04,1979
0.08,1979
0.12,1979
0.04,1979
1.46,1979
0.17,1979
0.08,1979
0.04,1979
0.58,1979
1.5,1979
0.37,1979
3.42,1979
5.96,1979
0.83,1979
5,1979
7.96,1979
0.17,1979
14.83,1979
0.21,1979
0.54,1979
0.79,1979
0.08,1979
4.04,1979
4.04,1979
0.04,1979
1.79,1979
4.5,1979
2.75,1979
0.08,1979
1.54,1979
0.04,1979
0.04,1979
0.25,1979
5.29,1979
2.67,1979
0.13,1979
0.5,1979
0.04,1979
8.54,1979
0.17,1979
0.04,1979
0.83,1979
0.29,1979
0.17,1979
0.04,1979
0.08,1979
0.04,1979
4.08,1979
2.92,1979
0.25,1979
0.08,1979
0.21,1979
0.04,1979
0.46,1979
0.17,1979
1.71,1979
0.04,1979
3.12,1979
1.04,1979
1.75,1979
1.04,1979
0.08,1979
0.08,1979
0.17,1979
0.46,1979
0.96,1979
0.67,1979
4.08,1979
9.75,1979
5.08,1979
0.37,1979
2.29,1979
2.58,1979
2,1979
3.71,1979
5.42,1979
0.08,1979
0.04,1979
6.46,1979
0.83,1980
0.04,1980
14.54,1980
0.13,1980
0.58,1980
1.33,1980
0.04,1980
0.08,1980
0.29,1980
2.71,1980
11.71,1980
9.58,1980
1.92,1980
3.25,1980
0.08,1980
0.08,1980
0.29,1980
0.13,1980
1.63,1980
3.46,1980
0.33,1980
0.08,1980
6.75,1980
2.79,1980
3.67,1980
2.5,1980
0.62,1980
8.75,1980
1.17,1980
3.42,1980
0.08,1980
0.13,1980
0.21,1980
0.17,1980
0.13,1980
0.17,1980
0.96,1980
0.21,1980
0.17,1980
0.75,1980
0.12,1980
2.42,1980
0.17,1980
0.33,1980
0.33,1980
0.42,1980
1.46,1980
0.04,1980
0.04,1980
0.21,1980
2.58,1980
0.08,1980
0.04,1980
0.04,1980
0.12,1980
2.92,1980
0.42,1980
0.04,1980
3.29,1980
0.25,1980
3.46,1980
0.83,1980
0.21,1980
0.17,1980
0.21,1980
2.54,1980
1.5,1980
0.21,1980
0.25,1980
0.04,1980
0.37,1980
3.54,1980
4.17,1980
2.29,1980
0.83,1980
1.21,1980
0.04,1980
1.58,1980
0.08,1980
0.04,1980
1.67,1980
1.29,1980
0.17,1980
1.38,1980
4.33,1980
0.04,1980
1.42,1980
0.96,1980
1.13,1980
0.04,1980
6.38,1980
0.33,1980
0.17,1980
0.21,1980
0.04,1980
5.75,1980
0.08,1980
0.08,1980
0.04,1980
0.29,1980
16.25,1980
