exper,sex,school,wage
9,female,13,6.3152956461
12,female,12,5.4797699786
11,female,11,3.6421699174
9,female,14,4.5933365997
8,female,14,2.4181574607
9,female,14,2.0940581101
8,female,12,5.5120039196
10,female,12,3.5484271597
12,female,10,5.8182263596
7,female,12,3.8277804998
10,female,14,6.7368936796
10,female,13,12.861342479
10,female,13,7.6555609995
9,female,10,2.4497795198
10,female,13,6.1056621468
3,female,15,8.2680058795
9,female,14,1.8624054829
13,female,11,3.9808917197
10,female,12,4.7634601775
11,female,12,6.3805955861
8,female,14,5.6311238472
7,female,11,2.4880573248
7,female,14,1.2237382772
5,female,12,1.3456535391
5,female,14,0.7511116452
10,female,14,11.330230279
11,female,12,3.8947576562
6,female,13,2.9985152513
11,female,12,3.2678961879
9,female,12,1.3551971812
10,female,14,4.2871141597
11,female,12,7.6249387555
11,female,13,4.4437861058
5,female,12,1.1342814763
5,female,15,9.0641842234
12,female,12,3.9808917197
11,female,12,3.4507052379
4,female,14,8.0967289215
10,female,13,8.7352138308
9,female,15,7.2758451739
12,female,12,5.5120039196
8,female,15,9.786358811
7,female,14,7.0431161195
8,female,11,0.7852717913
9,female,12,4.0087301234
10,female,12,3.6121512769
15,female,7,3.1847133758
6,female,15,5.8182263596
10,female,12,2.2747952684
7,female,16,5.4478926684
9,female,12,2.4035572648
8,female,14,9.0335619794
10,female,13,4.9740959419
7,female,14,9.3276123977
10,female,12,5.8734467996
9,female,12,3.2832096658
8,female,14,2.1435570799
5,female,13,2.5605735685
5,female,14,9.1866731994
3,female,12,2.8351910828
10,female,12,5.8976173626
7,female,12,2.5332947307
8,female,14,8.2680058795
8,female,15,14.102051849
9,female,11,0.7293236738
7,female,11,4.5933365997
7,female,12,3.3777263077
10,female,13,3.1847133758
13,female,9,5.0074109682
5,female,12,2.3189660503
9,female,12,3.387992953
10,female,11,2.4497795198
9,female,13,5.8182263596
10,female,13,5.3588926997
7,female,11,7.1432823382
6,female,12,5.5996360328
8,female,12,3.8277804998
6,female,12,8.0713228206
9,female,12,3.9439174932
11,female,12,6.3455414013
7,female,13,5.4836124351
9,female,13,6.9801937004
9,female,13,10.047012436
11,female,12,5.5120039196
8,female,15,6.2556869882
11,female,12,3.2344745223
8,female,10,1.9183214687
4,female,14,11.091041607
8,female,14,5.1844171234
9,female,14,5.1366344771
9,female,13,4.241819428
7,female,12,3.9028350194
11,female,12,6.7803575098
9,female,12,1.0261854211
10,female,12,4.593064402
11,female,8,0.4386814489
9,female,13,7.3493385595
8,female,12,4.5933365997
7,female,13,4.7245747883
6,female,13,4.8172135096
4,female,12,8.5304822566
7,female,14,6.195187114
10,female,13,4.7046902142
10,female,12,5.083341382
6,female,12,5.790387956
7,female,16,5.103707333
7,female,14,6.9908342396
9,female,12,4.3162052915
8,female,13,7.7100274414
5,female,12,5.7109839017
8,female,12,1.9819297555
6,female,12,5.8175870643
9,female,13,3.6746692798
7,female,13,2.7560019598
5,female,14,4.9481497078
9,female,12,3.9808917197
8,female,13,4.1571449409
10,female,12,4.7444519565
8,female,12,6.6136220264
6,female,13,2.7375759677
8,female,13,5.2495275425
8,female,12,3.9851788339
10,female,12,7.9617834395
7,female,13,6.1182562326
8,female,12,3.1429922399
7,female,13,6.1244487996
7,female,12,4.8621578256
8,female,10,1.8094962362
7,female,12,2.3810941127
10,female,12,3.6746692798
9,female,13,6.984020561
9,female,13,12.248897599
10,female,12,7.3493385595
6,female,12,1.9780828421
10,female,12,3.2153356198
6,female,12,4.7278219187
7,female,13,8.7296711824
10,female,12,6.6546249644
8,female,13,4.6267022409
4,female,11,3.0622243998
7,female,13,5.9061957151
9,female,12,4.4795968363
8,female,12,3.3684468398
10,female,12,2.8070390332
5,female,14,7.7241182622
7,female,13,3.694563081
7,female,14,6.498828198
8,female,13,2.3891985138
6,female,12,4.5933365997
8,female,12,4.5933365997
7,female,11,4.0829658664
4,female,12,2.4560771536
8,female,13,7.6555609995
5,female,14,3.1649325474
6,female,13,4.9425376278
7,female,12,3.6746692798
6,female,10,2.0220402386
10,female,12,9.7991180794
6,female,13,7.5826508948
8,female,13,2.9903411979
9,female,12,4.2871141597
6,female,11,4.5933365997
4,female,12,1.2132241432
6,female,12,6.1244487996
7,female,14,7.1463085564
8,female,11,3.3616418967
3,female,12,2.1435570799
6,female,12,1.9598236159
1,female,13,4.32211101
8,female,12,0.1028907398
5,female,9,2.5477707006
8,female,12,7.9617834395
8,female,12,6.5739496289
7,female,11,4.2871141597
4,female,11,3.2938447178
6,female,12,6.9107704357
9,female,12,4.4479237092
5,female,11,0.7799298063
7,female,12,4.7230918709
8,female,12,3.9317449084
8,female,10,1.3504084986
6,female,13,3.5385704176
6,female,12,2.87054786
6,female,11,2.4811139091
4,female,12,4.1340029397
9,female,12,1.5329546935
8,female,12,2.4497795198
6,female,11,4.4613441687
3,female,13,4.0429136911
7,female,11,3.3684468398
7,female,14,5.1087252083
8,female,11,7.2599848992
6,female,12,8.2680058795
9,female,12,3.2153356198
6,female,12,4.9146811355
6,female,12,5.639596603
9,female,12,4.303666724
9,female,12,4.5933365997
7,female,12,2.7186577598
7,female,12,4.4053672057
10,female,11,2.3828757021
7,female,12,7.9617834395
4,female,11,4.7890426704
8,female,12,9.6096961834
6,female,12,0.9312027415
8,female,11,2.8201186031
8,female,13,3.5107076584
9,female,12,3.9808917197
4,female,12,5.5120039196
7,female,12,2.9488086813
5,female,12,4.5933365997
7,female,10,4.4785031847
7,female,12,3.0421142694
3,female,12,3.5783296357
8,female,12,5.2037800258
2,female,12,2.6154650912
8,female,12,2.7997480227
3,female,12,6.5486530455
6,female,11,4.4855117969
9,female,11,2.6211632723
9,female,12,7.8340542934
8,female,13,6.2784349409
8,female,12,4.5933365997
4,female,13,6.4306712396
8,female,12,5.247725439
7,female,12,12.535891451
5,female,12,2.2798842959
5,female,14,7.6555609995
3,female,12,4.8995590397
9,female,11,9.8369525121
6,female,12,7.3493385595
7,female,11,4.4605327626
8,female,8,1.7646227374
9,female,11,6.5870870183
9,female,10,3.7913254474
7,female,11,5.8182263596
5,female,11,9.5601151994
4,female,10,3.1376486461
8,female,11,4.7938485336
5,female,10,0.5188942364
6,female,10,2.9433580183
6,female,11,3.3924120742
4,female,11,6.1372080679
4,female,12,4.385411563
9,female,11,3.6746692798
6,female,12,2.8172464478
4,female,11,3.9196472317
7,female,11,2.9236712958
8,female,10,6.0884226302
3,female,10,1.7095431108
8,female,11,9.1866731994
2,female,11,2.5297811458
5,female,12,4.8131688299
4,female,11,4.0185657739
9,female,10,3.1867050665
5,female,11,1.5696087352
7,female,11,3.0622243998
4,female,11,4.8995590397
5,female,11,5.1574305681
7,female,10,1.7085372188
5,female,11,5.7562599327
5,female,11,5.7413645272
7,female,11,9.9079971691
3,female,10,2.3700192564
8,female,11,4.7770700637
8,female,11,3.3684468398
7,female,12,7.9617834395
4,female,11,3.0009799118
6,female,11,4.8344795078
8,female,10,5.0526702597
4,female,12,6.4306712396
6,female,11,0.7655561
5,female,11,5.2002694757
5,female,10,3.4805610664
4,female,11,0.9295483203
8,female,10,1.8761644785
4,female,12,4.2871141597
7,female,13,3.7555582262
6,female,11,3.6746692798
7,female,11,15.923566879
5,female,12,5.4082564263
5,female,12,5.1366344771
2,female,11,1.7122114924
4,female,10,4.4607615196
9,female,10,2.9013278635
9,female,10,6.0445247428
9,female,10,8.2680058795
7,female,11,6.2856185049
8,female,12,5.6651151396
7,female,10,5.6651151396
3,female,12,3.1847133758
4,female,11,5.861435661
8,female,11,6.5118739952
7,female,11,1.7777506882
9,female,10,6.8243858053
8,female,11,4.2462845011
5,female,11,5.3895149437
5,female,8,2.9785089126
6,female,10,1.6331863466
5,female,10,2.7560019598
7,female,11,3.9709093713
8,female,10,6.2605476618
6,female,10,3.2570932252
4,female,10,3.1551339946
7,female,10,6.1244487996
7,female,10,3.6938917385
8,female,10,3.1154804763
9,female,10,0.9186673199
6,female,12,12.248897599
8,female,10,1.7284740167
5,female,11,5.5872164488
5,female,10,4.4437861058
3,female,9,3.2729404666
7,female,9,3.6746692798
9,female,14,5.1445369917
8,female,15,5.2086433716
11,female,12,6.451247451
12,female,12,4.5933365997
11,female,12,3.8964682412
6,female,14,5.0179307392
10,female,14,5.7569818716
11,female,11,0.4246284501
9,female,15,5.0906418422
9,female,14,5.8674350834
11,female,12,4.6083707763
12,female,11,4.2871141597
9,female,10,4.4729120447
11,female,12,7.1237009722
7,female,15,8.5495661095
8,female,15,10.411562959
6,female,14,3.0330603579
3,female,14,5.9713375796
13,female,11,5.4439544885
7,female,14,2.2568834947
9,female,13,5.6617126681
10,female,10,2.5477707006
11,female,12,5.9021715073
12,female,12,2.8784909358
11,female,12,3.7103456805
9,female,13,7.6471356697
10,female,13,4.4897275035
9,female,12,4.2194335602
9,female,14,6.1244487996
4,female,14,3.9808917197
13,female,11,5.1196337956
8,female,12,3.3868201862
8,female,13,1.6543965589
10,female,13,8.9327326394
7,female,12,5.1366344771
10,female,13,3.9808917197
14,female,9,5.7526182403
9,female,14,8.1731582211
9,female,12,7.593266606
9,female,14,10.419403648
11,female,12,4.491262453
8,female,12,4.0143445913
10,female,12,3.0896473049
8,female,14,3.7733570803
8,female,14,5.9713375796
10,female,12,3.821656051
9,female,13,5.8182263596
10,female,12,4.0059287746
11,female,12,5.5120039196
11,female,12,6.7368936796
4,female,16,9.4361877801
7,female,13,7.0431161195
8,female,13,7.3065743285
11,female,12,6.6494015539
13,female,10,9.1993096137
11,female,12,7.6555609995
11,female,12,7.6072100879
7,female,14,7.2741748697
8,female,14,3.3684468398
11,female,12,2.8708353748
10,female,12,5.6962353063
10,female,12,6.2704201181
15,female,6,4.303666724
8,female,14,11.452719255
7,female,14,1.2489072062
7,female,13,5.0726044074
7,female,12,7.0147871714
9,female,12,6.4306712396
9,female,12,6.7368936796
9,female,12,3.6746692798
9,female,10,0.4496065942
8,female,13,7.4832849318
10,female,9,3.2148526191
7,female,13,3.2920013231
9,female,12,5.0593272692
7,female,12,3.0622243998
11,female,9,3.0330603579
7,female,12,3.6428749569
9,female,12,3.4616449737
9,female,12,4.5933365997
9,female,13,6.8593826556
10,female,12,5.1924674605
7,female,13,9.0723661982
4,female,15,7.9617834395
6,female,9,2.4497795198
8,female,14,14.698677119
6,female,13,0.428711416
7,female,11,7.9617834395
7,female,13,7.3493385595
5,female,13,5.0551005965
7,female,13,5.1848808873
12,female,9,3.6316906917
9,female,12,4.9852787651
9,female,11,0.07655561
5,female,12,0.4747398821
8,female,13,7.0929028414
7,female,12,2.7322228697
9,female,12,4.0227958431
8,female,13,4.9358765258
9,female,10,3.6746692798
8,female,14,3.3093661681
8,female,12,5.3737099145
8,female,12,4.7574718275
6,female,10,2.6628038259
8,female,10,5.294280548
9,female,12,3.2663726931
6,female,10,4.8407643312
5,female,11,1.1857975335
6,female,12,4.1571268721
6,female,12,6.7368936796
9,female,11,2.8466711739
5,female,10,2.7560019598
8,female,12,3.9808917197
7,female,11,6.0306274563
9,female,12,5.3744943977
12,female,8,2.1435570799
12,female,9,4.5933365997
7,female,12,3.3684468398
8,female,12,5.7511753965
10,female,8,6.1480953201
1,female,12,2.7746776749
8,female,11,4.7651571708
4,female,11,2.4497795198
9,female,12,7.0122129375
4,female,12,8.1659317328
6,female,9,3.5433038299
8,female,12,2.370754374
8,female,11,7.7307026536
8,female,12,3.3684468398
8,female,12,6.1244487996
8,female,12,4.5933365997
9,female,9,3.7467216186
6,female,12,5.9713375796
7,female,11,1.887237556
4,female,11,1.8387490622
10,female,9,2.6028907398
9,female,10,3.0622243998
9,female,11,5.8021093891
8,female,11,7.3493385595
5,female,8,1.4812620353
8,female,9,4.8285041294
8,female,11,6.4994150526
5,female,11,3.6746692798
9,female,11,5.7291140094
8,female,10,6.8243858053
6,female,11,3.2459578638
7,female,11,4.7691215278
9,female,11,3.4634552551
9,female,9,5.5120039196
9,female,11,5.8903453313
5,female,10,3.256353145
5,female,10,3.8602586373
9,female,10,4.8459421872
5,female,12,8.0978823017
8,female,11,4.1030049627
3,female,10,3.3684468398
8,female,11,4.2871141597
4,female,12,5.2764481966
7,female,11,4.7770700637
7,female,9,4.8745612895
8,female,11,3.7359137678
7,female,10,5.8182263596
8,female,10,4.0194110759
8,female,11,5.6816482761
8,female,11,7.6555609995
7,female,11,7.3493385595
8,female,12,4.6834020232
6,female,7,5.790387956
6,female,9,2.0489723207
7,female,11,2.3221868365
4,female,11,9.9263793531
5,female,11,4.9761146497
6,female,10,3.7969757088
6,female,11,4.8144292014
4,female,11,2.2707006369
3,female,10,5.5732484076
10,female,10,7.3720217032
9,female,11,6.4729946663
8,female,9,1.5824662737
5,female,9,3.2449772388
10,female,5,0.6031654121
6,female,8,1.9798395764
5,female,10,7.3493385595
4,female,10,4.9628450106
8,female,10,3.2218890183
4,female,11,5.1075591876
5,female,10,4.6855553115
9,female,6,2.211606511
5,female,9,2.2747952684
3,female,11,2.6444832302
9,female,10,7.4138064416
8,female,10,7.2633813834
7,female,10,7.5886736516
9,female,10,7.4694770008
9,female,7,2.6589637293
6,female,9,5.7259401448
9,female,8,2.7560019598
6,female,9,4.3366309798
9,female,15,8.9825249061
9,female,15,7.7025625833
7,female,13,3.6396724295
8,female,12,2.6710499281
6,female,14,5.6140780663
11,female,12,5.1113311567
8,female,12,5.3973274524
9,female,12,2.365304364
9,female,15,7.0194928264
10,female,12,4.5267665041
10,female,13,9.624133828
12,female,12,7.0914670311
12,female,12,4.5495905369
11,female,13,5.5201698514
8,female,14,2.5225452482
7,female,15,10.557060914
7,female,15,7.6993070624
11,female,12,6.0268480219
6,female,16,5.0417626002
9,female,15,5.010365193
12,female,9,3.9808917197
8,female,12,3.7784734967
10,female,12,4.491262453
8,female,10,0.22966683
11,female,12,6.1703821656
11,female,13,12.248897599
12,female,12,3.9808917197
14,female,7,0.4447923709
8,female,13,4.4317494412
10,female,12,3.0622243998
11,female,12,2.5077992981
10,female,12,3.1070374398
10,female,13,6.6348195329
9,female,12,6.0251334137
10,female,12,5.6969622734
11,female,12,12.312036247
7,female,15,3.8901222017
10,female,12,2.7560019598
12,female,12,5.1751592357
12,female,10,2.7052941579
8,female,16,4.184513117
11,female,13,3.9352151157
11,female,12,4.382633086
10,female,13,10.899087528
10,female,12,7.3961922662
9,female,15,6.4306712396
7,female,10,14.091652105
8,female,15,6.8243858053
8,female,14,3.6053358971
12,female,12,5.6927971477
9,female,12,2.4115017148
13,female,11,5.3588926997
11,female,12,0.4258112592
11,female,12,3.0622243998
11,female,12,2.4566932908
10,female,12,6.7368936796
8,female,15,12.669745799
3,female,15,2.4126616483
8,female,12,2.5735057582
10,female,14,9.8344211296
6,female,14,0.6144141561
11,female,12,6.6160240102
10,female,14,15.127388535
10,female,12,9.3927030438
12,female,12,4.9608035277
12,female,12,4.8932855966
10,female,12,2.211606511
12,female,12,3.3684468398
11,female,12,5.5271885034
12,female,12,7.5456271436
8,female,12,5.1328713749
7,female,16,9.3668040465
6,female,16,5.9323092294
12,female,12,3.7945521073
10,female,13,3.8996490316
10,female,12,8.5742283195
11,female,13,6.2775600196
10,female,14,3.6746692798
11,female,12,1.1961364792
5,female,12,3.0622243998
8,female,14,5.7124903602
12,female,12,6.7924085572
11,female,13,3.116157902
10,female,12,7.5636942675
10,female,12,3.8496535312
12,female,12,5.3725249076
11,female,13,3.0547250747
11,female,13,9.5903300521
8,female,15,12.395985811
9,female,13,5.925048141
12,female,12,4.948500251
11,female,12,3.9196472317
10,female,13,3.0622243998
3,female,15,3.2685216225
8,female,12,11.15418936
11,female,12,2.9856687898
10,female,12,6.1030132288
7,female,12,4.1449631789
10,female,10,6.3694267516
6,female,13,2.9890654551
9,female,15,6.2729202857
6,female,16,5.3674944536
10,female,12,4.3711752217
10,female,12,4.4096031357
12,female,11,4.0693559802
10,female,11,3.9602653378
7,female,16,6.7368936796
7,female,14,0.9621490561
8,female,12,6.5327453862
10,female,14,5.5028172464
9,female,10,2.7513722469
16,female,8,2.8640234285
8,female,15,6.5550457686
9,female,15,4.7770700637
9,female,15,4.9631896766
9,female,15,6.1244487996
8,female,15,6.7082260469
8,female,15,6.0938265556
5,female,14,8.9171974522
7,female,15,5.2588758998
8,female,15,3.0219907946
12,female,10,3.821656051
13,female,10,5.5120039196
8,female,15,5.5120039196
10,female,12,3.1070374398
7,female,12,8.0830288726
9,female,9,21.231422505
9,female,14,5.8182263596
7,female,14,4.9307146543
9,female,15,4.4136348214
8,female,15,7.4173205482
10,female,12,3.6746692798
8,female,15,5.8182263596
11,female,12,3.2235513438
13,female,9,1.6211776234
6,female,12,1.0158575361
12,female,9,6.3796341663
12,female,12,3.5850431998
11,female,11,2.7560019598
10,female,14,0.7729886834
9,female,12,2.1373915274
11,female,11,3.5521803038
11,female,12,4.3051584629
10,female,10,3.574678279
6,female,16,10.128063739
8,female,15,4.444599986
12,female,12,4.7464478197
10,female,14,5.9158762399
10,female,14,5.3106215751
9,female,15,8.6984494628
9,female,15,15.311121999
11,female,12,2.8100412139
8,female,15,8.0223293212
7,female,15,7.8723251986
7,female,15,12.948834605
9,female,15,3.5276825086
9,female,14,7.1700863995
9,female,15,8.3598726115
9,female,15,7.111342906
8,female,15,11.18476047
9,female,15,8.5742283195
7,female,14,2.9973772949
8,female,14,9.3178656763
11,female,10,6.244536031
7,female,13,2.1231422505
3,female,14,2.3945213352
9,female,15,7.1432823382
8,female,15,5.9028226736
7,female,15,7.7361458521
11,female,13,3.651263743
6,female,12,2.6650321136
9,female,12,32.497400234
12,female,12,8.4211170995
7,female,13,6.0884226302
10,female,14,1.5596049832
12,female,12,6.0325820676
12,female,12,5.8794708476
7,female,16,8.7273395394
7,female,12,2.7560019598
9,female,14,11.777786153
11,female,12,7.6629607191
9,female,15,6.87701603
9,female,14,7.0431161195
8,female,12,5.854252529
11,female,12,0.91121985
11,female,12,1.6331863466
8,female,15,9.0165496216
8,female,12,2.7014275422
9,female,12,7.9268122092
10,female,12,5.8182263596
9,female,14,8.2719827943
13,female,9,6.7691276206
9,female,12,8.2935244161
13,female,9,7.2052338819
10,female,12,6.4245873501
11,female,12,7.2831283022
8,female,14,5.0685093514
9,female,12,8.3698117629
10,female,12,7.232505774
10,female,12,5.1753277034
5,female,12,4.1082473888
9,female,13,4.2871141597
7,female,14,8.7160576601
6,female,14,6.7368936796
8,female,12,4.1739362723
13,female,10,3.4450024498
10,female,13,9.1866731994
10,female,12,7.5191252589
10,female,12,3.0115492915
11,female,12,4.1449631789
9,female,13,16.003584803
10,female,8,3.0944583409
9,female,14,11.024007839
7,female,11,1.8115548213
8,female,14,7.6555609995
11,female,12,6.4306712396
9,female,12,4.0727584517
7,female,12,1.9035068453
11,female,12,6.0504053772
8,female,12,2.6265677326
10,female,12,3.7913254474
11,female,12,5.092407612
7,female,13,7.3065743285
3,female,15,4.4855117969
8,female,14,12.283894449
4,female,12,2.9856687898
9,female,14,15.311121999
7,female,12,1.2156505914
8,female,12,4.3967510941
9,female,13,3.5521803038
9,female,13,6.1863972472
7,female,12,2.562413061
9,female,10,2.5971548023
9,female,10,4.644373673
6,female,12,2.578715284
8,female,13,4.2062252133
11,female,11,4.5933365997
6,female,12,1.5923566879
10,female,12,2.7408197434
7,female,13,4.4402253797
9,female,12,1.6939964765
8,female,14,6.3694267516
5,female,12,1.9200974615
9,female,14,7.2624375968
5,female,12,3.6746692798
10,female,12,3.6746692798
9,female,13,3.821656051
9,female,14,7.6555609995
8,female,14,9.6708573715
11,female,12,6.7209860203
8,female,14,7.1009595674
9,female,14,10.795638562
9,female,14,9.2741653251
8,female,12,4.0783344424
10,female,12,5.8182263596
7,female,14,7.1349828515
10,female,12,3.8996490316
8,female,14,8.8464260439
11,female,12,4.2871141597
9,female,14,20.99811017
9,female,14,6.6302906459
3,female,15,3.9808917197
6,female,12,2.6951029979
8,female,14,7.6555609995
10,female,12,6.8488459695
11,female,12,5.5732484076
9,female,12,0.6687062206
11,female,12,5.2531354652
8,female,14,8.0820520715
9,female,12,3.3458078267
10,female,12,10.148102603
10,female,12,7.3493385595
12,female,7,3.0622243998
11,female,12,2.9292202741
8,female,12,4.1588421783
11,female,12,7.1299553189
7,female,14,5.3895149437
7,female,12,1.0919017288
9,female,14,4.5933365997
10,female,12,5.0526702597
14,female,7,3.1450896164
10,female,9,4.6391494057
7,female,14,6.1244487996
8,female,13,30.862170858
7,female,14,9.1866731994
7,female,15,10.313190984
8,female,13,6.7368936796
7,female,13,7.6963906582
6,female,14,16.971826768
8,female,13,6.8243858053
8,female,12,4.5066698714
7,female,15,4.1878493932
11,female,12,3.1756401183
11,female,12,5.2057814797
11,female,12,2.1963540523
9,female,13,4.3823577084
8,female,14,4.5933365997
11,female,12,4.5933365997
12,female,10,6.4306712396
6,female,12,3.9156311997
12,female,9,3.0622243998
6,female,14,5.8362421582
9,female,10,7.3493385595
7,female,14,8.7579617834
9,female,14,10.795638562
13,female,10,5.790387956
15,female,8,2.3885350318
6,female,15,2.9125701065
8,female,14,7.1130654079
4,female,12,2.113079965
10,female,12,7.4751218601
6,female,13,1.1905470564
8,female,14,7.4126949264
7,female,14,2.5477707006
8,female,14,10.464058235
8,female,15,7.4309978769
7,female,12,3.3760212464
7,female,15,6.1244487996
8,female,9,3.2842356688
9,female,13,6.7368936796
10,female,12,4.7120759132
7,female,9,8.0748310745
10,female,10,4.3526834293
10,female,12,15.311121999
6,female,14,2.3246083035
8,female,14,7.1962273395
6,female,14,9.7378735914
8,female,14,3.1847133758
8,female,14,9.2758642013
8,female,14,6.1621542891
12,female,10,5.780867222
9,female,13,7.9617834395
11,female,11,4.6436086828
7,female,14,2.7639749645
8,female,9,2.8810907366
8,female,13,2.7173322319
7,female,10,1.8366282444
11,female,12,2.7560019598
10,female,12,4.5593459089
7,female,12,3.0350959689
8,female,12,3.9808917197
6,female,15,6.1244487996
7,female,14,12.861342479
11,female,12,7.8392944635
8,female,11,2.8034448731
7,female,14,13.998740113
8,female,14,2.9193205945
6,female,15,10.411562959
8,female,14,5.5290162774
9,female,13,4.4096031357
10,female,12,4.8995590397
7,female,15,5.6712395884
7,female,11,4.1340029397
8,female,14,7.2517192618
9,female,14,8.9570063694
7,female,14,11.636452719
8,female,13,3.2764540903
6,female,14,3.6307807216
5,female,11,2.9711611669
6,female,13,5.5640969324
8,female,15,6.1351746294
8,female,14,7.2517192618
7,female,15,14.649095565
7,female,14,10.311001022
9,female,14,5.5120039196
4,female,12,1.1362041425
4,female,12,5.4284887087
9,female,12,13.178124314
9,female,14,8.7894573389
10,female,12,6.0251334137
7,female,14,2.8847041447
9,female,14,4.9487291045
11,female,12,5.7263596276
8,female,15,4.8995590397
10,female,12,3.9808917197
7,female,14,7.8392944635
8,female,14,8.2796633725
9,female,12,6.4994150526
5,female,12,1.7249894352
8,female,13,4.8995590397
6,female,14,12.132241432
11,female,12,3.1222680155
13,female,9,5.397819281
6,female,13,8.5742283195
7,female,13,6.4306712396
6,female,13,7.0063694268
6,female,13,5.4346644638
6,female,13,8.9623180881
8,female,13,10.978937464
8,female,13,8.8192062714
8,female,13,3.2386915686
10,female,12,5.6051867939
9,female,13,7.1812164356
8,female,13,6.1556006246
8,female,12,6.7368936796
6,female,13,7.8739050351
9,female,12,5.5455208036
5,female,13,7.9617834395
10,female,12,2.3873413612
7,female,12,3.0622243998
6,female,13,1.0686957637
8,female,13,4.1521686777
6,female,12,4.0312827542
10,female,12,5.6533373535
4,female,12,16.472655392
8,female,10,1.5923566879
10,female,12,4.2819675641
3,female,13,9.4783136184
6,female,12,1.7402805332
9,female,13,3.3684468398
9,female,13,5.4268658422
7,female,13,5.2057814797
9,female,12,3.5336625529
7,female,13,9.1866731994
6,female,11,1.858782126
9,female,12,1.3054079864
11,female,11,3.8176374852
8,female,13,4.4096031357
7,female,11,0.2123142251
7,female,15,8.7119818791
7,female,12,4.0873326748
6,female,13,5.6600356205
9,female,12,8.5742283195
8,female,12,2.6580810648
8,female,12,2.441729861
9,female,12,7.2956581318
6,female,14,7.9617834395
8,female,12,1.5923566879
8,female,13,7.1962273395
9,female,12,5.1681752151
7,female,14,8.3151785269
6,female,12,3.0504291651
10,female,12,1.3965454899
9,female,12,2.8221056189
6,female,12,3.2587764776
9,female,12,5.5120039196
8,female,12,4.7426855931
9,female,12,5.790387956
4,female,14,9.8598726115
8,female,12,3.6746692798
6,female,12,2.8576690311
8,female,12,3.9439174932
3,female,12,2.148204638
10,female,10,3.9808917197
8,female,13,8.5742283195
6,female,13,5.8078903881
7,female,13,4.3240720404
2,female,13,6.7341956845
5,female,9,1.1927765452
10,female,12,4.1340029397
8,female,12,4.5933365997
11,female,10,12.17684526
7,female,13,7.4358013661
8,female,13,6.833101496
10,female,12,8.9171974522
9,female,12,8.2839365266
7,female,13,7.3519091571
7,female,12,0.6824385805
7,female,12,3.7031550881
6,female,12,5.8505117926
8,female,12,7.1513024906
8,female,13,7.1615858382
6,female,13,1.185377187
8,female,12,5.2406675804
7,female,13,3.7809382544
8,female,13,3.5265974017
6,female,13,7.6555609995
6,female,13,4.8085103235
8,female,13,5.3391207478
7,female,13,3.7436630703
9,female,12,4.4708476237
10,female,12,5.7222235377
5,female,12,1.7292561317
7,female,12,1.3339113616
9,female,12,3.3463256964
8,female,12,4.9806363752
9,female,13,5.6651151396
6,female,10,4.4096031357
6,female,12,0.6757069139
10,female,12,8.9303302909
9,female,12,3.1154804763
10,female,12,6.0868241995
9,female,12,3.0622243998
8,female,12,6.0387341663
7,female,14,6.5225379716
9,female,13,5.2057814797
8,female,12,2.3331233522
10,female,11,4.8211491416
8,female,12,6.6656791586
9,female,13,5.2789036865
9,female,13,5.639596603
10,female,12,6.8043109748
7,female,12,5.5120039196
8,female,13,7.9617834395
6,female,14,12.552361278
6,female,12,9.1101856388
8,female,11,4.5495905369
9,female,12,6.2953636498
8,female,12,6.175344496
7,female,13,6.1244487996
6,female,12,3.4996850283
8,female,12,3.3665046256
7,female,13,6.1223052425
8,female,13,5.2980985388
9,female,12,4.3126326964
8,female,13,5.0745432911
6,female,12,3.821656051
6,female,13,6.2775600196
8,female,12,8.7273395394
7,female,13,5.2608834526
7,female,13,10.942348522
6,female,13,5.5732484076
9,female,12,9.3302149682
4,female,12,7.9141080896
5,female,12,5.3895149437
9,female,12,2.9091131798
11,female,11,9.0133397428
9,female,12,4.9927016985
3,female,12,2.2456312265
9,female,12,3.3684468398
8,female,13,7.3493385595
8,female,12,4.0589484201
8,female,11,3.0293615038
5,female,12,2.4497795198
4,female,13,2.7186577598
6,female,12,0.6798238733
9,female,12,5.237084218
7,female,12,3.1790365249
8,female,13,4.8995590397
6,female,8,0.0979911808
7,female,12,2.564181462
8,female,13,11.373976342
8,female,13,5.7039642552
7,female,13,8.0098424945
11,female,9,0.9080649137
8,female,13,7.4063101763
8,female,13,2.8365868125
7,female,13,3.6676161717
7,female,12,2.9856687898
9,female,12,4.6545810877
8,female,12,2.7890079713000002
10,female,12,2.1021210401
8,female,12,4.0904575469
6,female,14,8.6481440808
9,female,11,3.0170968823
8,female,12,2.5477707006
6,female,9,1.1450654834
7,female,13,7.6555609995
11,female,11,7.0771408351
8,female,13,1.7498425142
10,female,12,5.5120039196
8,female,12,3.9808917197
6,female,12,4.0146689828
4,female,12,3.9705517413
10,female,12,3.5385704176
5,female,14,4.4626556858
7,female,13,6.1244487996
9,female,12,4.0882629884
7,female,12,1.707621113
6,female,13,6.7368936796
3,female,13,0.5941629432
4,female,12,1.4519969798
6,female,13,9.7991180794
8,female,13,5.6971616741
9,female,12,16.780989711
9,female,12,2.8626637086
8,female,14,5.790387956
7,female,13,7.5024497795
3,female,12,3.5498397501
9,female,13,2.4146942192
13,female,7,4.3551635908
10,female,11,1.995434446
9,female,12,1.1708505058
8,female,13,7.3493385595
6,female,11,4.2704850689
6,female,9,2.6539278132
6,female,12,3.3523298693
6,female,12,5.9713375796
9,female,13,4.8995590397
8,female,13,1.6379755552
8,female,13,5.9713375796
6,female,12,2.7522214359
8,female,12,12.786804018
5,female,12,3.3684468398
8,female,14,3.6746692798
10,female,12,2.6832904188
3,female,14,2.895193978
4,female,12,11.207202495
5,female,12,4.1040120822
4,female,14,2.7981630204
8,female,12,2.1638797429
10,female,12,3.0510340489
7,female,12,6.1712956798
8,female,12,9.6832501291
9,female,12,8.0492755652
9,female,11,4.7360245179
4,female,12,6.873482106
9,female,12,3.8277804998
9,female,12,10.294023033
8,female,12,13.087863188
9,female,12,3.4066626062
6,female,13,5.2768155349
5,female,12,4.5495905369
7,female,12,3.7031550881
9,female,12,3.5840825773
5,female,9,5.3524594551
8,female,12,4.5495905369
6,female,9,3.5385704176
9,female,12,6.0661207158
6,female,12,7.0640592439
4,female,12,2.9034423939
7,female,12,8.3343014593
5,female,12,1.9904458599
8,female,11,5.5120039196
8,female,11,3.5125515174
9,female,11,4.1646251837
6,female,12,5.0246057901
9,female,12,5.516059846
8,female,12,5.9713375796
9,female,12,7.0147871714
5,female,12,5.245410266
4,female,12,4.4402253797
13,female,7,3.0622243998
6,female,12,6.5664193315
6,female,12,7.3807459893
6,female,12,2.1755157785
9,female,12,4.8995590397
9,female,8,6.8111173948
8,female,12,3.9808917197
6,female,11,6.4306712396
5,female,11,3.3760212464
9,female,12,5.1110293691
6,female,12,2.9217553906
8,female,12,7.3493385595
7,female,12,10.100770035
8,female,12,6.5010264779
7,female,12,8.2680058795
8,female,12,2.7773663161
9,female,12,5.8087997887
8,female,12,4.5933365997
7,female,12,11.008885743
9,female,12,7.7285931295
7,female,12,1.9610304038
6,female,12,7.6644554272
9,female,12,4.2862898732
7,female,12,2.2480329712
5,female,12,6.1024447919
9,female,11,6.7368936796
8,female,11,2.9785089126
9,female,12,4.0621344079
6,female,12,5.5120039196
6,female,12,5.7096454945
5,female,13,6.4148653814
10,female,9,6.3900397832
7,female,12,10.411562959
8,female,10,3.7637521714
8,female,11,2.7613121755
9,female,11,5.0880036181
9,female,12,3.334778404
10,female,8,2.895193978
4,female,11,2.5186661144
8,female,12,4.069921247
9,female,11,3.8277804998
6,female,12,5.6491589815
6,female,12,5.8182263596
6,female,12,2.2966682999
11,female,10,3.9808917197
3,female,12,1.4928343949
2,female,12,2.5683172385
6,female,12,5.5953968535
9,female,12,10.615711253
3,female,12,8.2046853071
6,female,12,1.2248897599
9,female,12,11.005994755
7,female,12,6.6148150519
5,female,9,1.5976822955
9,female,12,7.1671631745
9,female,12,7.6555609995
9,female,12,4.1513954619
8,female,12,9.5983722576
6,female,12,6.4861779548
6,female,12,9.4222289225
7,female,12,8.0440521547
6,female,13,4.8995590397
5,female,12,4.8995590397
7,female,12,4.6584903103
8,female,12,3.5092098468
5,female,11,1.8423961678
8,female,12,3.0696032538
9,female,12,3.9347810048
7,female,12,3.0622243998
9,female,12,6.1244487996
6,female,12,4.8995590397
9,female,12,5.3588926997
8,female,12,6.250372046
6,female,12,3.9808917197
8,female,12,5.8644338378
9,female,11,4.6350288568
5,female,12,1.6193457843
5,female,12,5.1644000689
8,female,12,3.928280816
6,female,12,4.0867082732
5,female,11,6.244536031
9,female,11,4.5001384658
9,female,12,3.1743397166
8,female,12,3.7705169035
5,female,11,2.3302780799
5,female,12,7.9617834395
8,female,12,6.8488459695
9,female,12,5.1408830832
9,female,12,9.5678084251
9,female,11,5.8704394024
8,female,12,3.9196472317
7,female,12,7.6555609995
9,female,12,6.7368936796
7,female,9,4.2871141597
6,female,13,8.2104658176
10,female,11,2.6429156646
8,female,12,3.6746692798
7,female,12,0.6898296121
8,female,12,1.8219184072
5,female,12,6.6494015539
7,female,11,3.9808917197
6,female,12,2.5022747953
8,female,11,1.486839076
7,female,11,4.0969726104
9,female,11,7.2967179971
9,female,11,4.2111912407
5,female,13,8.3685898926
9,female,11,3.1563066162
9,female,12,4.7127232653
8,female,12,3.5262163064
7,female,12,4.7035766781
8,female,10,4.1704579921
9,female,12,4.838652919
3,female,11,2.4581835662
9,female,12,6.1244487996
6,female,12,8.8804507594
7,female,12,7.6555609995
8,female,11,5.2025656081
6,female,12,3.15466891
5,female,12,3.4198264438
9,female,12,4.8859415882
9,female,12,0.5197900048
9,female,12,4.2871141597
6,female,12,3.0622243998
6,female,13,4.693261817
8,female,12,10.924692453
8,female,11,4.6768518106
9,female,10,2.4497795198
9,female,12,2.2292993631
9,female,12,4.2099461049
8,female,12,5.1717567641
7,female,12,1.2208649305
6,female,12,2.9200810322
4,female,10,2.9098903941
7,female,12,1.5589506035
9,female,12,3.768891569
9,female,12,7.9617834395
4,female,11,0.8165931733
7,female,12,3.9502694757
6,female,10,2.1710424111
7,female,12,4.4585987261
6,female,10,3.5486806187
6,female,13,11.636452719
8,female,12,2.915582668
5,female,11,2.3885350318
6,female,11,4.8995590397
4,female,12,7.0431161195
6,female,12,4.3871051605
7,female,11,5.3078556263
9,female,12,5.8941695247
6,female,10,2.3306841224
6,female,12,1.0070239923
9,female,12,6.361474908
10,female,11,6.0537660911
10,female,10,3.4011502072
8,female,12,4.9761146497
9,female,12,2.8662420382
7,female,11,2.7811709275
9,female,11,2.7793862189
5,female,13,3.1483858468
10,female,10,3.6746692798
8,female,12,8.8804507594
9,female,12,4.8995590397
8,female,12,0.2813351039
9,female,12,7.5564133484
8,female,12,4.8995590397
5,female,12,2.2845863528
9,female,12,2.8266686767
8,female,13,6.0155697098
5,female,13,4.5083711435
9,female,12,9.4773409849
11,female,10,8.6365108496
4,female,12,3.6746692798
6,female,12,3.1222680155
9,female,11,9.2007477699
2,female,12,4.2441080354
9,female,12,2.5150747292
5,female,11,3.5923014217
5,female,12,4.7356332726
6,female,12,3.8770423705
8,female,11,6.0495647095
6,female,11,2.9239908577
7,female,11,10.393004024
9,female,11,8.5936710141
8,female,11,7.3175232411
7,female,10,7.1628053475
7,female,12,6.7691276206
8,female,10,6.2195911467
7,female,11,11.306674707
8,female,10,4.679354139
7,female,11,4.2874352919
4,female,11,3.1131118043
7,female,11,4.8107452807
8,female,11,6.6079579154
10,female,8,2.5830213449
6,female,11,12.095786379
6,female,8,1.4461679693
4,female,11,7.9617834395
6,female,11,5.5885595296
8,female,11,5.2182493248
8,female,10,3.2168821978
9,female,11,3.3291528099
3,female,11,3.0622243998
9,female,11,4.2747830548
9,female,11,4.7464478197
8,female,11,6.3422456986
7,female,10,1.835569669
7,female,11,5.5941504644
5,female,12,2.9200810322
6,female,11,7.0431161195
8,female,11,6.1244487996
4,female,11,0.6617586235
9,female,11,6.1244487996
9,female,11,6.4306712396
4,female,11,7.3493385595
7,female,11,8.1469411939
3,female,11,5.5363282791
7,female,11,1.9658158823
5,female,11,7.6052856735
9,female,11,5.8268054903
6,female,11,2.9488086813
8,female,11,3.1531815602
9,female,9,2.1435570799
7,female,12,10.770968456
6,female,11,3.1428092524
4,female,10,5.1297396657
9,female,11,5.4595086442
7,female,10,5.5120039196
5,female,10,8.3808246731
8,female,11,7.1147852012
8,female,11,10.105340519
4,female,11,10.565399825
7,female,11,7.0431161195
7,female,11,6.2988793034
6,female,11,6.3694267516
7,female,12,4.5495905369
7,female,11,6.1110612721
6,female,11,7.7205172747
8,female,10,1.65296542
7,female,11,3.7288588471
6,female,11,5.1242371292
8,female,10,1.5519415435
8,female,10,6.2278839349
6,female,10,3.6746692798
7,female,11,4.2788855337
8,female,11,5.7876041156
9,female,10,4.382633086
6,female,11,2.3530366343
8,female,11,3.3684468398
8,female,10,3.9808917197
6,female,11,5.3750436722
7,female,11,5.6869881711
9,female,11,5.9740830222
8,female,11,5.2057814797
5,female,10,3.3401218217
7,female,11,4.4585987261
4,female,10,2.8919077192
8,female,11,3.6746692798
9,female,11,4.4323330488
5,female,11,2.8999440912
7,female,11,3.8572003061
6,female,11,7.4189345686
5,female,11,6.7368936796
8,female,12,4.1159462046
7,female,11,8.3510261854
7,female,11,11.980795873
9,female,11,5.3282704557
7,female,12,3.1847133758
8,female,11,4.5495905369
6,female,11,9.9146737171
4,female,11,2.5660999863
5,female,11,10.781212319
8,female,11,6.3141776967
9,female,10,2.1435570799
7,female,11,9.1947105338
9,female,11,2.9010546946
8,female,11,1.9231360965
3,female,11,5.2057814797
8,female,11,0.551200392
4,female,11,5.397819281
9,female,11,10.734988907
8,female,11,5.6061305193
7,female,10,3.0622243998
6,female,12,6.4278618594
7,female,10,4.381355181
8,female,11,6.9874556125
7,female,10,5.178395733
4,female,11,4.0829658664
8,female,11,3.7467216186
5,female,11,7.2758801541
7,female,11,4.0420289181
8,female,11,5.2057814797
8,female,10,5.2057814797
9,female,11,8.2424531814
5,female,10,2.2747952684
7,female,11,3.81860117
8,female,12,5.5107716362
8,female,9,3.6059544142
9,female,11,4.6646780667
9,female,11,4.9914257717
5,female,11,3.0622243998
4,female,11,8.4076433121
9,female,10,8.8804507594
9,female,10,7.0431161195
8,female,10,4.1539739684
3,female,11,3.5240680798
7,female,11,5.3609062612
9,female,11,4.112255435
8,female,11,8.5805748985
6,female,10,7.4934432372
7,female,11,4.5127517471
4,female,11,3.4501061571
9,female,11,4.3883845729
9,female,11,2.4804017638
7,female,11,6.3030785563
6,female,11,3.8277804998
6,female,11,3.4616449737
9,female,10,3.954644082
8,female,11,8.5379396962
7,female,10,5.1205753251
8,female,10,2.1435570799
9,female,11,3.9479917882
8,female,11,3.0534164677
7,female,10,4.644373673
8,female,11,2.2579449331
9,female,11,9.45285949
8,female,10,6.6625802841
7,female,11,10.183676492
7,female,10,5.9195415907
4,female,11,2.1615701646
7,female,11,7.4371955398
7,female,11,6.1244487996
3,female,11,1.7975804567
8,female,11,2.8251489624
6,female,11,10.105340519
5,female,11,6.1244487996
6,female,11,6.9596009086
8,female,11,7.9950963409
5,female,11,6.8900048996
8,female,11,5.8107051067
8,female,11,7.1764129464
4,female,11,1.1921386968
2,female,11,3.8956738542
8,female,12,3.2899931568
6,female,11,3.8743471725
8,female,11,4.2685163571
6,female,11,6.1143123402
9,female,10,3.9844492637
8,female,11,8.7729840163
7,female,11,3.9472503813
9,female,10,3.6746692798
8,female,11,2.4497795198
6,female,11,3.3684468398
6,female,11,3.810768142
7,female,11,2.4497795198
6,female,11,4.3595187544
5,female,11,2.2427558984
7,female,10,4.5933365997
9,female,11,6.0966805179
5,female,11,1.8063296178
3,female,10,1.9301293187
3,female,11,4.2843677701
3,female,10,1.9904458599
2,female,10,0.2713280831
4,female,11,2.516896767
7,female,11,3.2250262033
9,female,10,7.5502924983
11,female,8,1.4764708912
8,female,10,2.6476239466
8,female,12,5.3109505859
8,female,12,3.0622243998
9,female,11,4.1340029397
5,female,11,6.4994150526
7,female,11,2.9430716994
5,female,11,2.4497795198
6,female,10,3.1890620968
7,female,11,4.5495905369
5,female,10,4.6768518106
6,female,11,4.3456127935
7,female,10,2.3161551824
8,female,10,3.0622243998
8,female,12,6.1244487996
7,female,11,4.3378615788
7,female,11,3.6053358971
8,female,10,5.7880389142
5,female,11,5.7105205359
7,female,12,2.7560019598
10,female,8,3.3602487587
9,female,11,7.279344859
9,female,11,4.8593242502
7,female,10,5.103707333
6,female,10,18.515775441
9,female,10,5.4712763351
10,female,9,5.6079290213
8,female,10,5.4507594317
8,female,10,6.7368936796
6,female,10,3.467443374
5,female,10,7.4718275355
5,female,10,4.4059192567
9,female,10,5.3588926997
8,female,10,1.7498425142
5,female,9,2.3109031298
9,female,10,10.84157745
10,female,9,2.7560019598
9,female,10,3.9808917197
9,female,10,3.4253853598
8,female,9,1.1942675159
8,female,10,3.9612989641
8,female,10,2.2442611037
9,female,9,5.9713375796
6,female,10,1.8439200687
8,female,10,4.1340029397
5,female,10,0.5186829602
4,female,10,5.6466549216
9,female,10,10.972970766
3,female,10,1.0191082803
4,female,9,3.7913254474
8,female,9,3.0622243998
9,female,10,7.0431161195
7,female,10,1.9833624226
8,female,9,3.1453959267
4,female,9,3.3523298693
5,female,11,0.5541041106
4,female,9,0.3249707526
9,female,10,4.491262453
3,female,9,0.5514655196
9,female,8,5.7124903602
4,female,9,2.4250048311
9,female,6,4.5173239373
8,female,9,4.6301517859
3,female,9,2.3272905439
9,female,8,2.1435570799
9,female,9,3.6746692798
3,female,8,1.4812620353
3,female,8,1.6761649346
10,male,12,11.45580351
7,male,14,2.9332886356
12,male,11,6.2191310837
12,male,12,6.915377616
11,male,11,4.9465625755
12,male,12,5.1345640883
10,male,12,3.0622243998
7,male,11,5.5872164488
11,male,12,7.6555609995
10,male,14,16.65645071
9,male,15,3.2168821978
12,male,12,6.8287604116
8,male,11,1.0328800138
11,male,12,3.4909358158
10,male,12,6.1309990122
11,male,13,4.6384438443
7,male,15,7.9617834395
8,male,15,8.9458240893
9,male,13,2.4497795198
11,male,12,2.6329406054
14,male,8,6.1893722851
9,male,12,2.0414829332
10,male,11,1.0927938054
8,male,14,0.734933856
11,male,12,3.5031847134
6,male,14,9.0335619794
9,male,15,8.7579617834
12,male,10,4.8995590397
8,male,13,6.3482658654
11,male,12,2.9117379436
5,male,15,3.2663726931
8,male,12,4.3329433684
10,male,12,3.2527248964
12,male,12,10.564674179
12,male,12,7.944758956
11,male,12,6.1244487996
15,male,8,3.2393778775
9,male,12,2.5294578834
12,male,11,2.9625240705
16,male,8,5.7379960804
9,male,14,9.7991180794
11,male,12,6.1244487996
9,male,15,15.716767309
7,male,12,7.4641719745
9,male,12,2.359046945
12,male,12,6.1197413063
8,male,15,12.204889584
8,male,12,5.5732484076
13,male,9,4.4232130219
7,male,12,10.96849924
12,male,10,2.0029643873
14,male,9,7.8392944635
11,male,12,4.8253232967
9,male,11,3.3406084361
9,male,13,6.2782902798
11,male,10,2.0747318409
10,male,11,3.6746692798
8,male,14,5.4109207841
9,male,13,6.6348195329
6,male,13,3.3684468398
9,male,11,6.3553038541
11,male,12,4.8995590397
9,male,12,4.7491339815
11,male,12,2.465584549
11,male,12,7.0431161195
6,male,11,2.5922085617
9,male,11,4.8995590397
6,male,12,4.9865906805
5,male,14,3.0755319901
9,male,12,4.3940855608
7,male,12,7.7248869077
5,male,14,14.382576536
10,male,10,9.6344270192
7,male,12,5.7382222987
9,male,10,4.338846561
10,male,12,4.4113344287
8,male,14,10.634977516
9,male,12,7.6963906582
6,male,14,11.660950514
5,male,14,1.3846579895
6,male,13,1.4861995754
4,male,14,5.0862935947
8,male,12,9.0346478746
10,male,11,2.4497795198
14,male,9,7.1962273395
12,male,11,5.5120039196
9,male,12,3.2143846184
13,male,8,1.0317059529
11,male,10,6.1244487996
3,male,15,6.4555000861
4,male,12,2.3437284584
11,male,12,4.8995590397
7,male,14,3.9808917197
8,male,10,0.8685581934
12,male,11,6.7368936796
6,male,12,0.8319522925
7,male,13,4.5495905369
6,male,11,6.0088931619
10,male,12,8.685581934
12,male,10,3.0622243998
11,male,8,1.5250024146
10,male,12,5.3453669735
13,male,10,7.0431161195
6,male,12,6.1244487996
6,male,14,3.595644134
14,male,9,3.6761120239
8,male,14,2.0489883852
6,male,14,2.4497795198
9,male,12,3.0013005636
11,male,9,5.0752404395
8,male,14,4.4855117969
11,male,12,8.9530094902
7,male,10,1.0734988907
7,male,14,14.290380532
8,male,13,4.8995590397
9,male,12,8.2680058795
7,male,12,3.434494817
11,male,12,7.3493385595
7,male,14,4.8510485541
12,male,10,4.7283954051
10,male,12,5.5120039196
9,male,12,6.808697562
12,male,10,2.6175726376
7,male,12,4.0256208402
8,male,12,5.4373155197
9,male,12,12.283894449
9,male,12,3.9808917197
11,male,10,4.0483644608
6,male,13,11.092493885
9,male,12,5.2057814797
10,male,9,3.1222680155
13,male,9,3.9808917197
10,male,11,7.2640521177
8,male,12,5.8301389031
8,male,13,3.1919678482
11,male,11,3.9156311997
8,male,12,3.3328395793
7,male,14,4.6044048807
11,male,10,2.8467855899
8,male,9,1.0881708573
7,male,12,1.4329641367
10,male,9,3.8277804998
8,male,12,8.1148946595000009
8,male,12,7.4641719745
8,male,12,5.8168280836
8,male,11,6.4337643955
11,male,10,2.5320159348
9,male,12,4.4960659423
9,male,10,1.797822067
10,male,12,5.2057814797
5,male,12,0.3184713376
10,male,9,5.9144676979
8,male,12,10.198499893
8,male,12,4.7464478197
8,male,9,5.4284887087
6,male,11,4.2540190812
8,male,12,6.1244487996
9,male,12,4.8995590397
8,male,13,7.9617834395
7,male,13,5.8519878279
8,male,13,4.1904123366
9,male,12,2.3382623905
7,male,12,7.9617834395
12,male,10,2.7560019598
7,male,13,5.9429338517
10,male,12,2.1149175711
7,male,13,5.0526702597
13,male,8,3.1847133758
3,male,11,1.6472655392
6,male,12,5.2057814797
6,male,14,10.615711253
10,male,11,4.8131688299
8,male,13,9.9334160115
9,male,12,5.6785379658
8,male,12,3.5783296357
8,male,11,4.6161699106
7,male,12,8.0394370932
9,male,13,7.1451902662
8,male,10,7.4332435081
4,male,12,2.0080159999
10,male,11,2.0029643873
8,male,12,3.2812198417
4,male,12,1.9935607986
11,male,11,9.3755580689
7,male,13,5.9713375796
7,male,13,9.7531847134
5,male,12,4.5933365997
9,male,12,7.0431161195
9,male,11,5.5975028473
5,male,12,6.2556869882
4,male,11,2.7613121755
9,male,8,4.8995590397
10,male,11,10.105340519
8,male,12,2.5697342412
6,male,11,7.7351672126
9,male,10,2.7560019598
8,male,11,9.3539080335
6,male,11,5.7758025959
7,male,12,5.0065363113
11,male,8,5.7091510244
8,male,9,0.5258194897
6,male,12,2.1435570799
8,male,11,7.6555609995
7,male,12,8.5742283195
7,male,12,3.1120977614
9,male,12,3.976910828
5,male,12,3.7659204286
9,male,12,7.3493385595
12,male,8,1.0411562959
6,male,9,5.8182263596
7,male,11,0.2211606511
6,male,11,4.8995590397
4,male,11,3.1070374398
8,male,11,3.8370040672
8,male,12,4.3866575424
2,male,12,3.7284449278
8,male,11,4.5933365997
8,male,12,6.3220116641
12,male,8,6.050955414
7,male,11,4.3927081045
3,male,12,6.4306712396
5,male,12,5.7324840764
5,male,11,4.5933365997
5,male,12,3.6860108516
8,male,12,7.1560454928
9,male,12,7.0431161195
8,male,11,4.7770700637
3,male,11,9.4928956394
7,male,13,3.7913254474
9,male,12,3.3684468398
9,male,11,3.9808917197
6,male,10,5.7324840764
10,male,11,2.2058620785
10,male,10,1.905384071
5,male,11,4.7770700637
3,male,12,2.3810941127
4,male,12,4.556988245
10,male,11,7.9617834395
8,male,11,5.5386319579
5,male,13,9.6630192172
5,male,12,5.2057814797
4,male,11,6.4078739956
7,male,11,5.6962353063
5,male,11,39.808917197
7,male,12,4.5933365997
8,male,12,9.5694512494
6,male,12,8.5742283195
7,male,12,0.7625370055
6,male,12,5.7253274172
6,male,11,18.473419092
2,male,13,3.3641338477
10,male,9,4.7321149715
7,male,8,2.1435570799
9,male,11,4.1340029397
9,male,11,7.6846912084
6,male,11,3.7052915238
7,male,12,5.4075133238
6,male,12,3.9676661659
5,male,11,6.0983873154
6,male,11,3.3174097665
5,male,11,11.722871322
6,male,11,3.7454626395
8,male,10,7.9617834395
9,male,9,2.5409947147
7,male,11,4.220026558
9,male,11,4.4585987261
7,male,11,7.6555609995
8,male,11,5.3841308128
8,male,11,5.6653096901
7,male,11,5.2057814797
7,male,10,5.4491293502
7,male,11,4.1141335448
5,male,12,11.889596603
4,male,10,3.0622243998
4,male,11,4.5627143557
9,male,10,4.8995590397
10,male,10,0.8261253893
7,male,8,1.8373346399
4,male,11,6.2775600196
4,male,11,4.7464478197
7,male,11,5.2057814797
7,male,11,3.2094010764
7,male,10,5.2057814797
8,male,10,5.8182263596
8,male,10,6.2394384505
2,male,11,11.811436971
9,male,10,5.8182263596
9,male,11,2.9047966114
5,male,12,4.1033806957
8,male,11,7.3493385595
7,male,10,0.5047089344
9,male,9,0.4697217368
7,male,11,4.631508372
8,male,11,3.5985461873
4,male,11,6.4306712396
7,male,10,6.3694267516
5,male,10,4.3517822526
8,male,10,4.6848373288
4,male,10,3.970443185
8,male,11,10.707113441
7,male,10,4.7464478197
5,male,10,9.8436595252
2,male,12,4.5062611032
8,male,9,5.4639690271
8,male,10,4.199622034
7,male,11,3.1847133758
8,male,11,5.6267020774
7,male,10,2.1435570799
6,male,9,3.6746692798
7,male,10,5.7406850551
8,male,11,7.9617834395
8,male,10,1.3780009799
8,male,11,5.1328713749
7,male,10,3.0622243998
9,male,11,6.8243858053
10,male,9,1.3132838663
10,male,9,5.5120039196
4,male,13,5.9395187293
6,male,11,6.5867908496
6,male,11,4.0946314832
6,male,11,6.6097824781
7,male,9,5.3524594551
5,male,9,2.0603506128
4,male,8,3.6396724295
7,male,10,6.5787506354
7,male,10,2.5142474019
8,male,9,5.3287526957
9,male,8,7.3493385595
3,male,8,9.0991810737
7,male,10,8.6660950514
7,male,10,2.1713954835
5,male,11,9.2993630573
6,male,10,2.8152162438
9,male,10,7.0431161195
6,male,10,7.4630507229
7,male,10,5.3928784853
9,male,10,3.2519960527
5,male,11,4.2871141597
5,male,10,5.9151437143
7,male,10,7.1349828515
4,male,10,11.636452719
6,male,9,5.1778245537
6,male,7,4.6540696515
3,male,8,0.77675936
3,male,10,5.3841308128
10,male,12,11.198992091
9,male,12,7.4535844965
11,male,12,7.8115611104
8,male,12,8.2680058795
14,male,8,1.8515775441
10,male,11,4.5122710022
8,male,10,3.7898089172
9,male,13,3.5713791194
10,male,14,10.615711253
11,male,12,5.5120039196
7,male,15,12.086732141
9,male,12,4.8995590397
7,male,12,2.5875796178
11,male,12,3.1531815602
8,male,14,2.4419527482
10,male,12,3.8781215000000002
5,male,14,6.0776972821
14,male,10,5.4797699786
11,male,12,8.7172811381
14,male,8,5.6543213983
8,male,10,7.6007479136
6,male,14,8.1065431384
12,male,10,2.3645203718
11,male,9,4.1904123366
12,male,12,5.6617126681
10,male,12,7.9617834395
11,male,12,5.8460647633
7,male,14,4.1218216512
18,male,6,5.0616149014
16,male,8,5.2488065526
16,male,8,4.0991360283
11,male,11,12.327922745
9,male,14,25.076734039
10,male,12,5.8494735474
11,male,12,5.5120039196
11,male,13,3.0622243998
12,male,12,8.3204223332
8,male,15,0.8912444149
7,male,15,7.8283457282
12,male,11,4.3987753809
11,male,13,8.450317415
16,male,6,0.231447193
9,male,9,2.6724867489
13,male,6,3.5812037961
14,male,8,10.411562959
17,male,6,7.0063694268
11,male,13,9.5823234316
8,male,12,4.5933365997
11,male,12,6.7572331774
10,male,10,7.3493385595
9,male,14,10.3948213
11,male,12,6.5109695683
12,male,11,18.373346399
15,male,4,3.5649776595
9,male,13,9.0239812301
8,male,13,6.2101910828
9,male,12,6.4306712396
7,male,14,10.105340519
11,male,12,11.785314427
6,male,12,3.4702176457
9,male,12,4.2462845011
7,male,14,6.2554875147
9,male,13,13.609886221
11,male,12,6.4306712396
9,male,12,6.7368936796
9,male,13,5.8877054006
9,male,12,1.7416401274
6,male,13,10.436794771
9,male,13,5.1297396657
6,male,13,7.0117979155
8,male,14,10.564674179
18,male,4,9.0991810737
6,male,12,3.3075658206
10,male,11,3.5583389674
10,male,12,7.3493385595
10,male,10,5.4927119059
10,male,10,1.5611340077
10,male,11,12.151529574
15,male,8,4.7961200733
11,male,12,5.4140127389
9,male,13,6.6348195329
11,male,12,12.489072062
11,male,12,3.0622243998
9,male,13,5.9843470297
10,male,12,7.5081651296
9,male,12,12.853238294
11,male,12,5.8182263596
11,male,12,7.5569469934
6,male,13,2.3161551824
11,male,12,4.2871141597
6,male,14,11.330230279
11,male,11,3.256353145
10,male,12,4.8253232967
10,male,10,9.910291218
17,male,6,5.6068897461
7,male,12,4.1539739684
8,male,12,4.8745612895
7,male,12,1.6634305382
8,male,12,3.2587764776
7,male,10,6.9665605096
8,male,13,10.227234889
11,male,10,2.8141797135
9,male,11,5.2057814797
9,male,12,10.494250026
8,male,12,9.7991180794
5,male,13,9.7640675804
12,male,11,7.9617834395
10,male,12,4.2871141597
8,male,13,7.0431161195
12,male,9,3.6419848008
9,male,12,6.5639130646
7,male,12,13.771733517
10,male,9,4.1513954619
10,male,8,2.5477707006
15,male,6,6.7368936796
8,male,12,4.2871141597
8,male,12,9.1866731994
8,male,12,5.8182263596
8,male,12,7.0431161195
8,male,11,4.1596256337
10,male,12,4.9761146497
8,male,12,5.1309918907
12,male,9,5.3588926997
13,male,8,2.6423386087
7,male,11,3.821656051
10,male,11,4.5933365997
8,male,12,4.5924179324
13,male,8,5.5120039196
7,male,12,5.7555061008
8,male,12,4.0943318394
9,male,12,3.1800022613
11,male,11,6.9563705137
8,male,13,10.555394711
9,male,10,3.6131270066
10,male,12,9.7644513881
4,male,11,2.7936082244
10,male,11,5.2057814797
9,male,12,4.6044048807
10,male,11,9.1866731994
9,male,12,8.1570315347
10,male,12,10.110201193
9,male,12,12.169229973
8,male,12,5.9883499374
10,male,12,16.229789319000002
9,male,12,7.5687886445
11,male,10,10.184616379
11,male,9,7.0035301578
7,male,12,4.1226063117
7,male,12,3.3843925354
10,male,11,4.8149014321
5,male,12,7.1202941329
8,male,11,3.6746692798
5,male,12,9.1866731994
11,male,7,6.1309990122
7,male,11,2.7560019598
8,male,11,5.8182263596
6,male,11,11.330230279
9,male,9,1.6003584803
6,male,10,1.3099078152
6,male,11,2.4430677951
11,male,9,4.0904575469
7,male,10,4.3498524157
10,male,10,11.126340402
7,male,10,0.6832657788
6,male,11,7.3162334309
10,male,11,4.8995590397
11,male,10,6.7368936796
5,male,12,6.2650099196
10,male,11,3.3649801707
7,male,12,4.1690793283
8,male,11,5.2423265445
8,male,12,2.8204103697
9,male,12,8.5742283195
7,male,11,9.1866731994
7,male,10,4.1728931896
7,male,9,10.133178923
10,male,11,5.8466660247
10,male,10,7.6555609995
8,male,12,3.2497075263
4,male,13,5.6729184329
10,male,8,4.0946314832
6,male,11,7.3493385595
9,male,12,8.2009786501
8,male,11,5.2057814797
7,male,11,9.9522292994
8,male,10,2.969429721
14,male,6,5.5120039196
18,male,3,5.5168263203
8,male,12,14.392454679
12,male,7,5.0526702597
10,male,10,10.425660156
9,male,12,6.2605476618
6,male,11,2.7560019598
6,male,11,4.0693559802
9,male,11,3.7671768776
4,male,11,2.2500692329
8,male,12,4.5987089232
9,male,11,1.5833092067
8,male,12,8.9214233896
8,male,13,20.845396642
6,male,11,4.8995590397
9,male,11,4.0180587633
8,male,10,6.2520414829
8,male,11,3.4351964503
9,male,11,5.7449731485
7,male,12,5.955155093
2,male,13,4.7842464333
10,male,7,4.0355396525
8,male,13,8.9419598025
9,male,12,9.1866731994
14,male,6,5.4595086442
10,male,8,5.8159123362
7,male,11,2.6407241922
8,male,9,2.4497795198
8,male,9,2.7895299642
8,male,12,7.9123313684
3,male,10,5.925048141
6,male,10,7.9617834395
8,male,11,4.0300385311
9,male,10,4.6115951779
5,male,11,5.1537484425
7,male,11,5.3078556263
8,male,11,7.6128606593
8,male,11,8.8804507594
9,male,9,3.3684468398
6,male,9,5.1644000689
11,male,9,4.7996566834
11,male,5,3.8026428368
5,male,9,2.5578012939
5,male,10,5.5120039196
7,male,11,13.469397073
10,male,10,7.0431161195
7,male,11,5.9713375796
8,male,11,11.071436231
6,male,11,3.1154804763
6,male,9,4.8995590397
7,male,11,5.3588926997
7,male,10,3.768891569
8,male,10,5.5501228956
5,male,10,2.1055956204
9,male,11,3.8680729261
5,male,11,7.3493385595
9,male,11,10.702017848
8,male,10,5.790387956
9,male,10,6.8898338256
7,male,11,6.5837824596
7,male,12,5.3323722805
5,male,11,3.4920102805
5,male,11,5.5547326322
6,male,10,9.6282032292
8,male,10,4.0880378737
6,male,10,2.3451497613
6,male,9,0.8138109137
8,male,11,3.7988628737
4,male,11,1.6116970525
8,male,11,9.6460068594
6,male,10,3.9933710041
6,male,10,3.4663546947
5,male,12,9.9029956562
7,male,10,4.8995590397
4,male,10,2.4880573248
9,male,11,3.9277040606
7,male,10,3.0622243998
11,male,9,4.9847687621
12,male,6,2.7560019598
8,male,10,8.7334929454
8,male,10,2.1435570799
6,male,10,5.6714073816
9,male,11,2.5849946232
11,male,8,3.9808917197
6,male,11,10.411562959
6,male,10,5.2429236526
3,male,10,0.9829362271
10,male,9,3.9808917197
6,male,11,11.595623061
10,male,10,6.9993700567
9,male,9,5.9666761139
9,male,9,6.1244487996
6,male,10,6.4873790988
8,male,10,3.0399536769
4,male,10,2.3885350318
8,male,10,8.4744900899
8,male,10,6.3517010742
4,male,10,5.2057814797
9,male,10,7.0337227932
8,male,9,5.7787137867
4,male,9,3.9808917197
4,male,10,1.0049056142
6,male,10,9.1281593574
7,male,9,5.1574305681
4,male,9,4.5933365997
4,male,9,1.8312101911
6,male,9,3.7512557714
11,male,13,6.1739193069
12,male,12,8.2680058795
7,male,13,5.1049659538
8,male,14,8.5209722429
9,male,15,21.435570799
5,male,15,7.2497540262
12,male,12,13.167564919
8,male,14,6.4306712396
5,male,14,13.609886221
12,male,12,5.6242178822
11,male,11,4.7926461637
9,male,14,13.221963716
5,male,15,8.2680058795
11,male,12,7.279344859
8,male,15,12.555120039
11,male,12,7.4271562443
11,male,12,8.4925690021
9,male,12,15.311121999
9,male,15,13.780009799
10,male,13,9.7991180794
12,male,12,3.9808917197
11,male,12,6.8858667585
14,male,9,2.7573275981
13,male,11,4.0884833878
12,male,12,7.6555609995
6,male,12,2.6670013492
9,male,15,7.8358501338
15,male,8,3.6189924725
9,male,12,7.5126571942
11,male,12,5.5409263373
12,male,12,5.8182263596
6,male,14,5.1844171234
9,male,12,10.717785399
11,male,13,4.4855117969
14,male,5,7.5004464551
9,male,14,10.291712884
9,male,15,16.331863466
8,male,14,5.4190149065
8,male,15,5.6869881711
9,male,15,15.938603297
10,male,12,4.9330412199
11,male,12,9.9604204346
10,male,12,5.1412413242
11,male,12,7.3738363547
5,male,15,11.745042237
7,male,14,4.9340629766
7,male,13,8.685581934
12,male,12,9.2547226305
10,male,12,4.8995590397
12,male,11,1.6359828985
14,male,8,4.0899572463
8,male,14,7.446842222
12,male,12,7.8086722195
12,male,12,3.6746692798
10,male,12,5.1208114096
12,male,12,7.4387465712
10,male,13,8.3319301627
11,male,13,7.3091782395
11,male,12,5.0480305257
9,male,14,5.1760605696
12,male,12,5.3588926997
10,male,14,6.7368936796
15,male,8,2.9322169189
11,male,13,11.146496815
10,male,13,7.9355261837
9,male,15,7.1043606075
9,male,14,7.2852920361
12,male,12,5.5676807269
9,male,15,14.147476727
11,male,12,8.8804507594
10,male,12,10.166585007
8,male,14,10.071315804
11,male,12,5.0271718639
11,male,12,5.3588926997
11,male,12,5.5120039196
9,male,13,4.2951310899
8,male,15,9.7991180794
9,male,12,9.1866731994
8,male,16,8.9825249061
10,male,12,7.5024497795
10,male,12,11.024007839
12,male,12,4.6976249361
9,male,14,12.310142087
8,male,13,7.6555609995
12,male,12,8.6763024661
14,male,10,5.3524594551
11,male,12,5.4140127389
10,male,14,11.715960067
7,male,15,12.248897599
11,male,13,6.1244487996
11,male,12,2.5802075961
8,male,15,5.2380154207
5,male,14,8.4256983801
11,male,10,4.2510879903
7,male,14,5.1858359568
11,male,13,14.345555747
7,male,16,8.5742283195
7,male,13,2.585693664
8,male,15,8.4925690021
10,male,12,5.3588926997
8,male,15,9.6641629051
11,male,13,7.1025981762
11,male,12,6.3088616795
7,male,14,6.7472741013
9,male,12,5.2727042646
11,male,11,12.35858922
12,male,12,4.9488233445
11,male,12,11.769592911
9,male,12,5.103707333
12,male,12,9.1866731994
11,male,12,10.105340519
12,male,12,5.8578418929
10,male,14,4.5933365997
9,male,14,11.636452719
10,male,12,0.3382370661
10,male,12,8.1242688158
9,male,12,3.3113227761
8,male,12,2.769315979
9,male,12,3.3641338477
6,male,14,4.4541445815
10,male,12,10.044096031
6,male,14,11.330230279
12,male,12,6.7368936796
10,male,14,4.6155266316
10,male,12,6.5837824596
9,male,14,4.9902916145
12,male,12,8.8192062714
9,male,12,3.5739561217
9,male,12,4.6605561597
10,male,12,4.7022613602
15,male,9,3.9291918273
11,male,12,9.8207020399
10,male,14,3.5828025478
11,male,12,8.2680058795
12,male,11,6.4306712396
9,male,15,5.9416294325
10,male,12,3.9925281725
6,male,15,6.0661207158
9,male,15,8.5742283195
9,male,15,8.2680058795
9,male,14,11.996229756
9,male,15,12.119961835
9,male,14,6.304210778
9,male,15,9.3525759897
7,male,14,6.8403591715
7,male,14,7.2544723822
12,male,12,3.6557416234
8,male,15,6.9205039152
7,male,15,11.266674679
8,male,15,9.1866731994
7,male,15,3.5884094375
11,male,9,3.4551135681
9,male,15,9.7206054965
9,male,15,14.618356479
8,male,14,11.557427573
12,male,12,6.5981630714
9,male,15,3.9196472317
10,male,12,4.4541445815
8,male,15,5.2432642565
8,male,9,18.373346399
10,male,12,7.8143430054
10,male,12,7.0063694268
9,male,15,13.491889178
10,male,14,7.1451902662
9,male,15,7.5513822313
7,male,15,7.9617834395
9,male,15,7.7351672126
8,male,16,8.7103271817
12,male,12,5.0516143202
6,male,13,4.8995590397
6,male,15,2.6818638954
8,male,15,14.336330309
7,male,14,12.003919647
8,male,15,15.004899559
14,male,10,3.3587711521
8,male,15,10.411562959
11,male,12,4.8124557679
7,male,15,7.9617834395
9,male,15,8.2067613915
9,male,14,6.2814859483
9,male,15,22.911836136
10,male,12,5.2057814797
12,male,12,5.5547326322
12,male,7,4.0725234985
6,male,15,6.9160150368
11,male,12,6.2738255996
8,male,14,13.081822636
9,male,10,1.8947028945
11,male,12,6.1048818705
12,male,12,8.3079479369
11,male,12,9.5066070919
9,male,15,9.7338418226
11,male,13,3.9808917197
11,male,12,7.6555609995
9,male,14,9.7991180794
8,male,15,7.0415773133
8,male,16,6.1269034885
10,male,12,0.4152168678
12,male,12,5.2902215545
8,male,14,7.3493385595
16,male,8,5.5947667413
13,male,11,3.330754134
9,male,13,9.0641842234
8,male,14,3.3862775135
11,male,12,6.6230764895
10,male,11,4.7131064758
12,male,12,7.3493385595
6,male,14,4.8658722319
9,male,15,7.2019750696
8,male,14,5.3078556263
11,male,12,17.692852088
8,male,13,9.7991180794
7,male,14,10.810639946
7,male,14,10.264990736
8,male,14,8.8804507594
7,male,14,9.2119808391
9,male,13,11.186207853
9,male,14,5.7842016441
9,male,14,11.352636799
11,male,12,5.9713375796
7,male,12,3.0622243998
9,male,12,15.311121999
6,male,14,7.3817859704
7,male,14,8.7035645053
7,male,13,9.0991810737
10,male,12,7.7257197796
11,male,10,3.0622243998
12,male,10,4.6273613153
8,male,12,6.3694267516
9,male,11,4.6768518106
7,male,14,10.105340519
9,male,14,4.7770700637
7,male,13,9.7991180794
9,male,13,7.6555609995
8,male,14,3.9996400324
11,male,12,9.1866731994
6,male,12,13.480268257
8,male,12,9.6379483741
11,male,12,13.159972627
6,male,13,10.973544216
13,male,9,4.0385858026
10,male,12,8.8071085948
8,male,14,9.8036885636
10,male,13,17.31868301
9,male,13,9.1866731994
12,male,11,4.2392191358
10,male,10,3.9808917197
9,male,10,1.0944032219
8,male,14,9.2310532632
11,male,12,4.8737038469
8,male,14,10.17074132
9,male,12,4.649216607
7,male,14,8.7652661719
5,male,14,2.6613203697
10,male,13,7.3528735949
11,male,11,8.8804507594
8,male,12,7.3493385595
8,male,12,6.3030785563
10,male,12,4.1093075817
10,male,12,4.5933365997
11,male,12,6.1244487996
11,male,12,10.207414666
9,male,14,11.024007839
8,male,14,6.1281699837
11,male,12,9.7991180794
9,male,12,2.2037420765
11,male,12,5.9620219204
8,male,12,5.8182263596
6,male,14,2.7793862189
13,male,8,3.3777263077
10,male,13,7.9795950356
9,male,12,2.1435570799
7,male,12,2.9675738274
13,male,9,2.7751399344
10,male,13,7.1962273395
4,male,16,12.738853503
10,male,12,7.7168054875
8,male,14,13.800424628
11,male,12,9.749122579
9,male,14,10.105340519
11,male,12,10.748407643
10,male,13,9.4472371803
5,male,15,22.11606511
14,male,8,6.6878980892
5,male,14,7.7604509847
10,male,13,10.317978539
6,male,12,2.6539278132
10,male,12,9.0641842234
8,male,14,5.4622227922
10,male,13,12.827317764
11,male,12,7.6555609995
7,male,15,9.969781732
8,male,14,20.414829332
11,male,12,7.0431161195
9,male,13,13.780009799
4,male,12,4.2019792599
11,male,12,8.5742283195
9,male,12,10.717785399
7,male,12,5.9710801547
7,male,13,10.991488642
11,male,11,6.6348195329
9,male,13,15.311121999
8,male,12,7.2243025538
10,male,10,4.0289830291
7,male,12,2.3161551824
10,male,12,11.636452719
5,male,13,4.1721135927
16,male,7,4.5933365997
11,male,12,7.6555609995
11,male,12,4.1646251837
11,male,12,3.7111463594
12,male,10,7.4412052915
7,male,14,5.4532763284
10,male,12,6.7759859059
8,male,12,9.6926059263
12,male,10,7.3493385595
8,male,13,6.2856185049
9,male,13,10.384934921
9,male,13,7.0171650653
9,male,12,2.6807351648
7,male,14,13.846579895
11,male,12,7.0431161195
5,male,12,3.8346814635
11,male,9,0.1846210653
10,male,12,7.0219867712
9,male,14,6.6589461494
11,male,12,5.8182263596
5,male,13,9.7991180794
9,male,11,3.595644134
11,male,12,3.7665360118
11,male,12,6.4306712396
11,male,10,4.2150618209
6,male,13,7.4641719745
14,male,7,3.5361147823
8,male,12,7.3616490094
8,male,14,7.0410329737
9,male,14,6.7341956845
9,male,12,1.0424593701
11,male,12,3.0707474896
9,male,12,3.8837967998
8,male,13,2.2768281507
9,male,14,6.1856932876
6,male,15,16.798488136
8,male,14,8.9350675874
9,male,13,3.4491480604
9,male,13,8.5742283195
8,male,13,6.4467882101
7,male,14,7.5026651258
8,male,13,4.2914577404
10,male,11,3.6746692798
6,male,15,7.0147871714
9,male,13,4.8995590397
8,male,12,7.1812164356
8,male,10,7.9047778301
12,male,10,6.6753817484
6,male,13,4.342790967
4,male,14,12.248897599
9,male,12,4.5495905369
3,male,15,4.4089975042
9,male,14,7.8937340084
6,male,13,14.698677119
10,male,12,4.5495905369
11,male,12,7.5163689813
10,male,12,8.0842724155
9,male,14,22.123968204
6,male,13,7.9940173805
5,male,13,18.462291147
10,male,12,7.0431161195
7,male,13,12.243291696
8,male,14,7.6555609995
10,male,12,3.8277804998
9,male,10,7.5998841922
9,male,13,9.2162123415
9,male,13,11.636452719
12,male,9,5.1995320421
11,male,12,2.9941749687
9,male,12,7.2132396973
8,male,10,0.8165931733
8,male,14,7.4854374217
7,male,14,7.7748871146
6,male,15,6.7254816632
5,male,13,7.6203074003
5,male,14,8.0152182277
2,male,14,2.4674038329
8,male,15,12.397910952
9,male,14,14.297568853
11,male,11,2.6028907398
11,male,9,3.6746692798
12,male,10,1.6326281831
9,male,12,7.0431161195
5,male,14,3.5985461873
9,male,14,10.887908977
8,male,14,8.4211170995
9,male,12,7.237984945
9,male,14,4.9248144987
9,male,13,8.800847268
9,male,12,6.0792793291
7,male,14,4.376821276
13,male,8,2.895193978
13,male,9,3.2663726931
10,male,12,4.9495545401
9,male,12,10.717785399
9,male,10,2.0445073524
10,male,12,7.259273136
4,male,14,6.1244487996
4,male,15,4.2462845011
9,male,12,6.5919034945
8,male,12,9.9522292994
10,male,12,8.2680058795
7,male,13,7.621536284
10,male,12,3.3188502396
9,male,14,6.5327453862
11,male,12,9.0474811812
11,male,12,3.6941119744
9,male,12,8.4628747049
9,male,12,8.9825249061
7,male,12,8.3369460099
9,male,12,2.2966682999
6,male,13,15.923566879
9,male,12,5.3674944536
8,male,13,6.1175285185
10,male,12,4.281637471
8,male,13,11.024007839
7,male,13,7.6555609995
9,male,12,5.6533373535
10,male,12,11.903909922
7,male,13,5.3343949045
10,male,12,5.4630560832
10,male,12,6.4306712396
7,male,13,8.2333703073
9,male,12,3.3121019108
9,male,13,6.6905743189
5,male,12,4.0829658664
8,male,12,4.7782646299
5,male,12,13.525809704
7,male,12,4.5150366847
9,male,12,5.1518684968
11,male,10,6.9028270214
9,male,12,11.082335923
8,male,12,8.2325924
9,male,13,8.6329420435
10,male,12,5.824426814
8,male,12,4.6584903103
9,male,13,4.6809435445
8,male,12,3.9808917197
9,male,12,13.859400802
9,male,12,6.7254816632
8,male,12,6.6450269476
7,male,13,9.9105112511
9,male,13,9.7991180794
10,male,10,3.5840825773
10,male,12,5.0526702597
9,male,13,3.3116603561
5,male,12,3.9512572901
8,male,12,16.854050941
4,male,12,4.4293649177
7,male,13,10.110201193
5,male,12,6.6668718012
8,male,12,3.5102051236
11,male,9,7.9617834395
10,male,12,6.7368936796
10,male,8,3.3684468398
10,male,12,2.526731791
9,male,12,5.6617126681
10,male,12,6.4306712396
9,male,13,9.7991180794
10,male,12,3.9057805552
9,male,12,5.4140127389
9,male,12,7.1912882679
9,male,13,3.7309200747
7,male,14,4.753303546
6,male,13,7.9895248452
7,male,12,4.8410409621
8,male,12,7.891325179
10,male,12,12.065433935
8,male,13,8.3960625362
10,male,12,4.8995590397
9,male,13,10.411562959
8,male,10,5.3078556263
10,male,12,2.9091131798
9,male,12,6.8900048996
13,male,8,7.1063852187
5,male,13,2.1435570799
8,male,12,8.2566643076
7,male,12,5.9470638496
8,male,10,4.6044048807
9,male,13,13.167564919
9,male,12,4.8995590397
11,male,10,5.1995320421
10,male,12,5.8182263596
9,male,13,5.1122724748
9,male,12,6.2556869882
9,male,7,10.947452229
10,male,12,7.0041806203
8,male,12,7.8473430204
10,male,8,6.9695855033
9,male,12,6.6400396899
9,male,12,12.248897599
7,male,14,4.4657439164
6,male,13,4.8770495801
10,male,12,7.6555609995
6,male,13,7.8392944635
7,male,13,12.950775281
5,male,14,6.4143270409
10,male,12,4.7264965506
10,male,12,6.324781237
10,male,12,9.9700329296
6,male,12,1.2550594584
10,male,12,11.758941695
9,male,13,7.6555609995
8,male,12,9.1866731994
5,male,12,9.5066070919
9,male,12,4.2091449865
9,male,12,7.6402498775
7,male,12,4.1704579921
10,male,12,8.4211170995
11,male,10,21.873031427
9,male,12,6.3796341663
7,male,13,6.2752972922
9,male,12,3.7273753796
7,male,11,2.4454049136
7,male,12,6.3694267516
4,male,14,8.5742283195
8,male,12,9.5925101681
9,male,12,10.411562959
13,male,9,4.4134610562
10,male,12,9.7991180794
10,male,11,4.0059287746
7,male,12,3.7467216186
9,male,12,3.3544069014
9,male,12,5.5363394778
16,male,6,4.5036350769
10,male,12,6.050955414
12,male,8,1.8699983668
9,male,12,15.923566879
9,male,12,4.303666724
8,male,13,6.4773831372
7,male,11,6.9611221329
4,male,13,5.5479093984
10,male,12,12.926880861
6,male,12,9.5137068732
10,male,12,5.5120039196
7,male,12,5.4830072467
8,male,12,5.869263433
9,male,12,4.1618413434
11,male,11,4.6545810877
6,male,12,7.9617834395
6,male,13,18.702175865
6,male,12,4.2314373525
8,male,13,12.744686312
5,male,12,6.8025477707
10,male,11,10.432681748
10,male,12,6.4207930964
7,male,11,0.4246284501
10,male,12,3.1100716561
6,male,12,6.7368936796
10,male,12,4.4096031357
7,male,13,2.1826696033
9,male,12,6.2399189988
10,male,10,3.9667248453
12,male,9,3.0761436016
6,male,15,5.4354483097
6,male,13,4.8045244893
7,male,11,3.6746692798
8,male,12,4.6834020232
13,male,8,3.9808917197
9,male,12,5.5120039196
9,male,12,5.8182263596
8,male,11,3.3352773235
13,male,8,4.3169250935
10,male,11,6.9205039152
8,male,10,4.1433700058
8,male,12,4.9128972222
5,male,13,5.5732484076
7,male,12,15.923566879
8,male,12,8.3442271855
7,male,12,4.0041299741
8,male,12,4.8995590397
9,male,9,1.0484653089
12,male,9,3.8663336846
9,male,12,2.2781854253
9,male,11,0.1534801627
10,male,12,4.6954107464
10,male,12,4.8042520159
8,male,13,4.2747830548
10,male,12,6.4306712396
9,male,12,5.09216538
10,male,12,10.068145448
9,male,12,3.0622243998
16,male,5,4.303666724
9,male,10,3.6396724295
7,male,12,3.3523298693
9,male,11,3.2587764776
10,male,11,8.1188444178
11,male,9,4.4541445815
10,male,11,6.5089032498
8,male,11,6.4306712396
5,male,13,5.124826122
8,male,13,5.4867721081
8,male,13,13.780009799
3,male,13,11.072174449
5,male,13,6.1845448551
8,male,13,6.1244487996
8,male,13,4.8995590397
7,male,13,3.3289686855
9,male,12,5.1935965033
10,male,12,8.8532572609
9,male,13,7.0431161195
9,male,12,7.0431161195
12,male,10,6.4306712396
6,male,12,4.1315200551
10,male,12,3.9196472317
9,male,12,5.1295555665
10,male,12,8.1065431384
8,male,13,10.717785399
5,male,12,6.8648929375
8,male,14,3.9371456569
7,male,12,6.7368936796
14,male,7,6.1639613725
8,male,9,1.9359959731
9,male,12,5.2057814797
10,male,12,11.222323324
6,male,11,1.2962342161
7,male,12,6.1244487996
5,male,12,20.614742184
6,male,11,8.4335342623
10,male,11,8.9082891631
8,male,12,3.2801680001
8,male,12,6.5260519996
5,male,11,7.6555609995
9,male,11,7.621536284
8,male,12,8.1413725396
8,male,11,3.1980385364
6,male,12,6.8593826556
7,male,12,5.4861556861
7,male,12,7.2983014862
9,male,12,1.3673188018
6,male,12,4.9712599037
9,male,12,7.5659710644
4,male,12,6.8593826556
3,male,11,1.6331863466
7,male,12,4.4541445815
9,male,9,2.0486460312
7,male,11,6.4380998163
8,male,11,1.4361728865
6,male,12,12.384996461
9,male,11,7.3187163155
5,male,12,3.9374638101
9,male,12,7.2255911352
8,male,11,5.9184938842
7,male,12,7.0431161195
9,male,12,6.1069503745
9,male,12,8.9082891631
8,male,11,8.1659317328
7,male,12,8.605666168
8,male,12,5.3201708366
9,male,11,9.3805990451
8,male,12,5.9916897868
8,male,12,7.5161162878
6,male,12,4.4096031357
7,male,12,10.044974089
6,male,11,4.0734705969
5,male,12,8.5742283195
5,male,12,4.590577839
7,male,12,9.164642808
8,male,12,6.4050101413
9,male,11,6.3262929361
3,male,11,9.4580814873
6,male,12,6.2309609526
5,male,12,1.070491891
9,male,12,11.942675159
9,male,11,10.176007236
6,male,12,2.3945213352
5,male,11,11.795234725
7,male,11,1.7515923567
9,male,12,3.6746692798
6,male,11,5.118289354
8,male,12,6.6776248202
10,male,11,5.8115207588
9,male,12,4.7120759132
5,male,12,5.601254681
7,male,12,6.6144047036
8,male,11,6.3838192063
9,male,12,11.636452719
9,male,12,5.2057814797
8,male,12,7.5073888511
8,male,10,3.8191099776
7,male,11,4.3074221051
8,male,12,2.5376202198
7,male,11,3.3684468398
6,male,12,4.0829658664
8,male,12,3.5454214735
5,male,12,3.5385704176
8,male,12,5.2470206048
5,male,12,7.9617834395
4,male,13,8.8158155731
9,male,12,5.1886714008
9,male,11,8.2921747783
11,male,7,4.438624914
7,male,13,10.050838544
8,male,12,5.8182263596
8,male,12,5.6036012477
5,male,12,4.3695275868
3,male,12,18.939639628
5,male,12,9.3120274146
9,male,11,9.7991180794
7,male,12,6.7177547771
9,male,12,5.8593211459
4,male,12,3.3011713656
6,male,12,11.548960594
13,male,7,6.8900048996
8,male,12,28.30856334
8,male,12,9.1866731994
9,male,11,8.5304822566
9,male,12,6.9107704357
8,male,12,12.356393698
9,male,11,8.2680058795
7,male,10,4.3126326964
7,male,12,11.022862012
8,male,11,8.0239465948
7,male,12,4.2690527826
10,male,11,7.3984225896
8,male,12,4.9914982399
9,male,12,9.7494603864
10,male,10,4.4637203412
3,male,11,2.3189660503
5,male,12,11.163177425
6,male,12,9.2310532632
8,male,11,5.9883499374
8,male,12,8.5742283195
4,male,12,4.2871141597
9,male,12,7.3737874569
6,male,11,4.5933365997
10,male,11,3.7913254474
10,male,11,5.0045495905
9,male,12,7.8392944635
8,male,12,8.3598726115
6,male,12,5.397819281
6,male,12,9.7292669322
9,male,11,6.1392065076
5,male,11,5.766559199
9,male,11,3.5451354833
9,male,11,4.0087301234
8,male,12,5.116005423
9,male,12,5.4987856848
9,male,12,3.8512812917
10,male,11,5.5120039196
8,male,12,7.0836998164
8,male,12,7.6555609995
9,male,11,6.384750152
7,male,12,7.6555609995
8,male,12,6.0048467692
9,male,11,4.6001415428
6,male,12,4.7784754977
7,male,11,7.6740081344
6,male,12,9.5466817822
9,male,12,13.473787359
7,male,12,6.9715118674
8,male,11,6.2257554715
9,male,12,6.9213620774
5,male,12,3.2364973331
9,male,12,13.167564919
9,male,12,3.8277804998
9,male,12,4.0996895417
4,male,12,9.8896829415
11,male,8,4.8995590397
11,male,9,2.8886289123
9,male,12,11.636452719
7,male,10,2.2747952684
10,male,11,8.8119274465
6,male,11,6.8243858053
7,male,11,3.3736403724
8,male,12,3.9129584139
9,male,12,27.454425653
5,male,12,8.358071303
7,male,11,6.3137174797
9,male,12,7.1266313305
8,male,10,2.7874952961
6,male,12,8.1659317328
8,male,12,4.5116772824
5,male,11,4.7464478197
5,male,11,3.3684468398
9,male,12,4.5933365997
6,male,11,5.6651151396
8,male,11,0.5250970117
7,male,12,5.3674944536
7,male,12,1.7860773894
9,male,12,4.0167556091
7,male,12,8.6395404956
8,male,11,2.9936305732
11,male,10,7.6619673267
8,male,12,4.2389124794
10,male,8,5.8593211459
9,male,12,7.621536284
5,male,12,17.233469821
8,male,11,8.9046262152
6,male,12,7.5661684472
10,male,9,4.0846023257
9,male,11,7.9617834395
10,male,8,3.9662420382
12,male,8,3.4821467435
9,male,9,4.2652411283
3,male,12,1.9337918031
8,male,12,10.499055085
3,male,12,2.9488086813
2,male,11,2.5325752491
9,male,9,8.1178968403
8,male,11,6.4306712396
7,male,10,3.2996835316
6,male,12,4.5333998232
9,male,7,2.3094368207
12,male,8,2.5110240078
6,male,12,2.2419664736
7,male,10,3.6491507431
11,male,9,5.1445369917
8,male,12,4.3203476028
8,male,12,4.8348046337
10,male,11,2.8266686767
7,male,10,2.5905504326
8,male,13,8.7961214279
6,male,12,3.3790062343
9,male,12,6.1244487996
8,male,9,1.9617459539
6,male,12,3.843502877
6,male,12,4.0829658664
3,male,11,2.6539278132
7,male,12,3.6087403692
7,male,12,5.6344928956
9,male,10,5.5120039196
8,male,12,4.8995590397
10,male,7,1.9324717086
8,male,11,5.2057814797
9,male,10,6.4313583505
7,male,12,7.8937340084
12,male,9,4.3342253043
9,male,11,7.0147871714
6,male,11,5.2684319856
7,male,11,7.3493385595
8,male,10,5.0685093514
9,male,11,8.6596857446
9,male,11,9.4054035137
8,male,8,2.6152928058
9,male,11,11.263354114
8,male,11,6.1244487996
9,male,11,7.9216736992
8,male,11,5.9316169305
8,male,11,8.5742283195
9,male,10,3.9398515989
6,male,11,4.9261870779
7,male,11,2.0679956986
10,male,7,3.8663336846
7,male,11,7.9617834395
5,male,11,4.7180938901
9,male,11,1.6703042181
8,male,10,4.4437861058
4,male,11,8.3243993189
10,male,10,11.200781702
4,male,11,4.9761146497
10,male,10,3.2447410859
8,male,10,2.9652824728
7,male,10,4.1467622081
9,male,10,3.9664307742
8,male,11,5.4626301472
9,male,10,7.0890753053
5,male,11,14.623683868
3,male,11,6.3893045881
10,male,10,3.7031550881
9,male,10,7.3891261619
12,male,8,9.4928956394
7,male,11,11.651390399
11,male,8,6.7368936796
6,male,11,11.268985791
9,male,10,4.5512038668
8,male,11,4.2871141597
5,male,11,4.6044048807
8,male,10,3.9808917197
7,male,10,10.846944567
6,male,11,4.5964935321
6,male,11,3.3700670643
6,male,11,10.795638562
8,male,11,3.1222680155
8,male,11,6.7270210273
8,male,11,4.7668133378
8,male,10,4.1340029397
9,male,11,7.0186520679
9,male,11,8.5742283195
7,male,11,4.3649249339
9,male,11,5.7382222987
9,male,10,7.6555609995
4,male,11,4.4402253797
9,male,11,2.1362886422
9,male,10,7.2106717943
6,male,10,5.0729947579
6,male,11,9.4783136184
10,male,9,5.5120039196
6,male,9,3.7913254474
9,male,11,10.593641167
7,male,11,8.062918665
6,male,10,5.1819065098
8,male,11,8.2232974032
6,male,11,4.4232130219
6,male,11,10.166585007
4,male,11,5.2877119617
6,male,11,7.3588926997
6,male,10,8.5304822566
6,male,11,24.880573248
5,male,10,3.8299033167
7,male,11,15.311121999
4,male,11,9.9714050784
7,male,11,13.381920627
8,male,11,7.6555609995
7,male,11,4.7775478185
9,male,10,5.3189367445
6,male,10,2.6305451893
8,male,11,4.1596256337
5,male,11,6.1244487996
8,male,11,4.1010393572
9,male,11,5.4207887248
5,male,11,6.1244487996
6,male,11,7.4235743026
6,male,8,10.070239923
7,male,8,3.8996490316
8,male,12,6.1433514194
10,male,10,5.2018911764
6,male,9,5.5120039196
9,male,10,8.1659317328
9,male,11,4.5933365997
9,male,11,7.9795950356
5,male,11,7.4703153259
7,male,11,7.0431161195
5,male,10,6.1132523667
7,male,10,6.8243858053
7,male,9,3.2663726931
6,male,10,7.7424150141
4,male,11,10.564674179
7,male,10,4.5166060055
5,male,10,1.5923566879
8,male,11,8.6752048946
7,male,11,5.4765164593
8,male,10,4.8995590397
7,male,11,5.8976173626
5,male,11,7.8392944635
10,male,9,5.9319457524
8,male,11,6.1426222382
7,male,11,5.8197807883
10,male,9,2.8155619236
9,male,10,4.2564919157
3,male,11,5.5120039196
9,male,11,5.5608358277
8,male,11,10.441683199
6,male,10,7.6555609995
9,male,11,3.0819806863
9,male,11,4.5933365997
8,male,11,3.7349518125
5,male,11,7.3493385595
7,male,10,3.1453959267
4,male,11,8.3292503675
8,male,11,5.5386319579
6,male,11,6.4106379959
5,male,11,10.411562959
7,male,11,1.6147842469
7,male,11,5.0270249136
9,male,10,6.5357923757
7,male,11,5.0674753838
9,male,11,3.060385226
4,male,11,7.0251030348
7,male,11,8.8804507594
8,male,11,2.0061186619
4,male,11,12.248897599
8,male,11,4.7315741583
6,male,11,11.231422505
8,male,11,5.0955414013
2,male,11,1.7296474546
6,male,11,4.8995590397
7,male,10,6.1244487996
7,male,10,3.6746692798
9,male,10,3.2449772388
7,male,10,2.5275502983
9,male,11,7.4504762461
9,male,11,3.6746692798
7,male,11,3.3036445807
6,male,9,2.8478686918
12,male,8,4.7770700637
4,male,10,4.5951776164
6,male,11,4.7629784116
8,male,11,6.7368936796
8,male,9,0.3538570418
5,male,11,1.9730210813
9,male,11,4.8621578256
8,male,11,5.9806823959
6,male,9,1.3269639066
14,male,5,4.8862930856
10,male,7,3.2663726931
7,male,10,2.3371184265
7,male,10,4.2356952629
7,male,10,7.0458260526
5,male,10,0.3990868892
9,male,9,5.4662019527
7,male,11,1.42620393
9,male,9,2.8697417232
8,male,11,22.11606511
6,male,11,2.9973772949
8,male,11,4.8580373529
9,male,9,3.3406084361
9,male,11,7.6555609995
8,male,11,4.5933365997
9,male,10,4.0829658664
7,male,10,4.2871141597
5,male,9,2.9875359998
9,male,11,4.6545810877
11,male,8,5.5120039196
14,male,6,6.4306712396
8,male,10,7.7090963911
8,male,10,3.3273124822
5,male,12,4.4096031357
5,male,12,6.4500524067
8,male,10,3.5168613966
9,male,11,6.6438464983
10,male,9,3.814027995
10,male,10,4.0280959694
9,male,8,2.1254093538
7,male,8,1.0669056535
9,male,10,10.698497243
9,male,10,5.552042689
6,male,11,3.6746692798
6,male,10,4.6960219688
9,male,10,6.1396837469
5,male,10,2.7560019598
8,male,11,3.4286769263
9,male,8,3.6293029924
7,male,10,6.8900048996
9,male,9,2.9869834832
6,male,11,7.279344859
9,male,11,10.411562959
9,male,10,8.5687355403
9,male,10,6.3666586391
8,male,10,5.5120039196
3,male,9,3.4020677011
7,male,11,4.2255275238
6,male,9,3.9808917197
9,male,10,6.572354453
3,male,11,5.8657976596
8,male,8,5.002167606
9,male,10,6.1146496815
4,male,10,8.9082891631
7,male,10,5.6533373535
9,male,10,9.1866731994
6,male,10,1.4421343589
7,male,10,4.7662377053
8,male,10,3.5605491158
9,male,10,4.2274956316
7,male,10,7.0458260526
7,male,10,2.1231422505
8,male,10,7.5467141607
6,male,10,4.2871141597
9,male,10,4.5919123093
10,male,9,6.9358549019
9,male,10,3.6746692798
4,male,11,5.6200824279
9,male,10,5.814414462
9,male,9,7.7205172747
6,male,10,10.474168436
6,male,10,8.1774150743
6,male,11,3.6559209671
4,male,10,4.5933365997
9,male,10,5.3078556263
6,male,10,4.5933365997
9,male,9,8.8875722115
9,male,10,5.0955414013
9,male,9,7.6331345891
4,male,8,2.5332947307
3,male,11,3.8996490316
7,male,11,6.5841265297
4,male,8,1.516530179
8,male,8,4.2819675641
9,male,9,3.5934706638
6,male,8,4.342790967
4,male,10,5.790387956
6,male,8,2.0769869842
9,male,10,6.1244487996
4,male,10,2.8562451801
5,male,8,5.5120039196
6,male,9,4.2871141597
5,male,9,7.1451902662
6,male,9,4.5387839085
10,male,8,2.9091131798
7,male,7,4.1539739684
